seller_id,gmv,orders,late_rate,review_score,gmv_share,cumulative_gmv_share
4869f7a5dfa277a7dca6462dcf3b52b2,226987.93,1124,0.11565836298932385,4.150537634408602,0.017220807434905876,0.017220807434905876
53243585a1d6dc2643021fd1853d8905,217940.44,348,0.04310344827586207,4.19364161849711,0.01653440493297885,0.03375521236788473
4a3ca9315b744ce9f8e9374361493884,196882.12,1772,0.1100451467268623,3.8531089560752996,0.01493678133412658,0.04869199370201131
fa1c13f2614d7b5c4749cbc52fecda94,190917.13999999998,578,0.10207612456747404,4.372822299651568,0.014484238452515804,0.06317623215452711
7c67e1448b00f6e969d365cea6b010ab,186570.05,973,0.10071942446043165,3.4958634953464323,0.014154439419623592,0.0773306715741507
7e93a43ef30c4f03f38b393420bc753a,164582.49,318,0.05660377358490566,4.3627760252365935,0.012486317521144501,0.0898169890952952
da8622b14eb17ae2831f4ac5b9dab84a,159816.87,1311,0.07627765064836003,4.178544061302682,0.012124766031036918,0.10194175512633212
7a67c85e85bb2ce8582c35f2203ad736,139658.69,1145,0.059388646288209605,4.274846086191733,0.010595433013117547,0.11253718813944967
1025f0e2d44d7041d6cf58b6550e0bfa,138208.56,910,0.1010989010989011,4.008869179600887,0.010485416548869513,0.12302260468831919
955fee9216a65b617aa5c0531780ce60,131836.71,1261,0.07771609833465504,4.201117318435754,0.01000200581485337,0.13302461050317255
6560211a19b47992c3666cc44a7e94c0,120702.83,1819,0.06432105552501374,3.979501385041551,0.009157315951901848,0.14218192645507438
46dc3b2cc0980fb8ec44634e21d2718e,120566.48,494,0.06680161943319839,4.288343558282208,0.009146971538021562,0.15132889799309596
7d13fca15225358621be4086e1eb0964,112436.18000000001,558,0.12186379928315412,4.0414414414414415,0.008530153142928857,0.1598590511360248
5dceca129747e92ff8ef7a997dc4f8ca,111126.73,322,0.062111801242236024,4.012578616352202,0.008430809595033435,0.16828986073105823
620c87c171fb2a6dd6e8bb4dec959fc6,107573.9,699,0.10300429184549356,4.291486291486292,0.008161268385159603,0.17645112911621783
1f50f920176fa81dab994f9023523100,106655.70999999999,1399,0.10578984989278056,4.140602582496413,0.008091608411703498,0.18454273752792133
cc419e0650a3c5ba77189a1882b7556a,101090.95999999999,1651,0.06117504542701393,4.151993523578223,0.0076694296281294445,0.19221216715605077
a1043bafd471dff536d0c462352beb48,99309.23,702,0.05698005698005698,4.275714285714286,0.007534255792097745,0.1997464229481485
3d871de0142ce09b7081e2b9d1733cb1,93407.4,1064,0.05921052631578947,4.1918328584995255,0.007086503887652647,0.20683292683580115
edb1ef5e36e0c8cd84eb3c9b003e486d,79144.9,165,0.07878787878787878,4.442424242424242,0.0060044561944544005,0.21283738303025554
ccc4bbb5f32a6ab2b7066a4130f114e3,72926.72,184,0.07608695652173914,4.3224043715847,0.0055327038842078475,0.21837008691446338
f7ba60f8c3f99e7ee4042fdef03b70c4,68070.0,218,0.1559633027522936,4.220183486238532,0.005164240944855715,0.2235343278593191
fe2032dab1a61af8794248c8196565c9,65689.71,293,0.08873720136518772,4.387543252595155,0.00498365638368882,0.2285179842430079
8581055ce74af1daba164fdbd55a40de,64011.22,380,0.10026385224274406,4.308707124010554,0.004856315017690129,0.23337429926069803
cca3071e3e9bb7d12640c9fbe2301306,62081.46,691,0.059334298118668596,3.884558823529412,0.004709910645635702,0.23808420990633372
04308b1ee57b6625f47df1d56f00eedf,58991.8,92,0.11956521739130435,3.9456521739130435,0.004475508578973695,0.2425597184853074
522620dcb18a6b31cd7bdf73665113a9,55981.69,169,0.10650887573964497,3.9036144578313254,0.004247141702074625,0.24680686018738204
de722cd6dad950a92b7d4f82673f8833,55126.3,337,0.04451038575667656,4.303571428571429,0.004182246152466573,0.2509891063398486
37be5a7c751166fbc5f8ccba4119e043,54735.55,269,0.026022304832713755,4.323308270676692,0.004152601270004367,0.255141707609853
17e34d8224d27a541263c4c64b11a56b,54440.28,247,0.08502024291497975,4.253061224489796,0.0041302001325901234,0.25927190774244313
7ddcbb64b5bc1ef36ca8c151f6ec77df,54435.66,325,0.08615384615384615,4.029503105590062,0.00412984962879748,0.2634017573712406
25c5c91f63607446a97b143d2d535d31,54208.78,156,0.07051282051282051,3.832258064516129,0.004112637009647063,0.26751439438088764
218d46b86c1881d022bce9c68a7d4b15,53710.3,382,0.09424083769633508,4.185526315789474,0.004074819016020037,0.27158921339690767
ceaec5548eefc6e23e6607c5435102e7,51478.18,198,0.06060606060606061,4.2,0.003905475612202917,0.27549468900911056
f5a590cf36251cf1162ea35bef76fe84,51232.78,113,0.10619469026548672,4.274336283185841,0.0038868579432170557,0.27938154695232764
e882b2a25a10b9c057cc49695f222c19,51057.54,57,0.0,4.578947368421052,0.003873563076415579,0.2832551100287432
2bf6a2c1e71bbd29a4ad64e6d3c3629f,50628.9,30,0.1,4.166666666666667,0.003841043607653967,0.2870961536363972
f8db351d8c4c4c22c6835c19a46f01b0,50082.6,659,0.051593323216995446,4.265243902439025,0.0037995976721732164,0.29089575130857037
b2ba3715d723d245138f291a6fe42594,49172.38,323,0.08978328173374613,4.2125,0.0037305423556927317,0.29462629366426313
17f51e7198701186712e53a39c564617,48019.0,56,0.08928571428571429,4.339285714285714,0.003643039311459183,0.29826933297572233
8160255418d5aaa7dbdc9f4c64ebda44,46368.39,380,0.16578947368421051,3.9547872340425534,0.003517813106875838,0.30178714608259816
966cb4760537b1404caedd472cc610a5,45928.26,67,0.029850746268656716,4.119402985074627,0.0034844219306299244,0.3052715680132281
77530e9772f57a62c906e1c21538ab82,45528.6,311,0.1157556270096463,4.144694533762058,0.00345410107656762,0.3087256690897957
4e922959ae960d389249c378d1c939f5,45319.42,411,0.1070559610705596,3.9656019656019654,0.0034382312966227853,0.3121639003864185
850f4f8af5ea87287ac68de36e29107f,45285.37,186,0.06451612903225806,4.295081967213115,0.003435648038151031,0.31559954842456955
c826c40d7b19f62a09e2d7c5e7295ee2,44653.04,346,0.0953757225433526,4.130434782608695,0.003387675297198179,0.31898722372176774
b33e7c55446eabf8fe1a42d037ac7d6d,44215.17,149,0.12751677852348994,4.201342281879195,0.0033544555795174975,0.32234167930128527
ba90964cff9b9e0e6f32b23b82465f7b,44212.5,38,0.05263157894736842,4.421052631578948,0.0033542530156373336,0.3256959323169226
eeb6de78f79159600292e314a77cbd18,43510.84,82,0.036585365853658534,4.439024390243903,0.0033010204417961778,0.3289969527587188
c3cfdc648177fdbbbb35635a37472c53,43048.18,278,0.025179856115107913,4.469314079422382,0.003265919990561465,0.3322628727492803
4d6d651bd7684af3fffabd5f08d12e5a,42999.0,363,0.046831955922865015,4.223756906077348,0.003262188870102114,0.3355250616193824
b839e41795b7f3ad94cc2014a52f6796,42829.0,33,0.030303030303030304,4.090909090909091,0.003249291544398787,0.3387743531637812
e9779976487b77c6d4ac45f75ec7afe9,42229.69,645,0.07286821705426356,4.2601246105919,0.003203823919297252,0.3419781770830784
17a053fcb14bd219540cbde0df490be0,40353.24,124,0.08064516129032258,4.254098360655738,0.0030614639968501458,0.34503964107992857
d91fb3b7d041e83b64a00a3edfb37e4f,39926.39,524,0.06297709923664122,4.139102564102564,0.0030290803293415275,0.3480687214092701
834f3294fba9f932f56edc879193f925,39907.5,66,0.06060606060606061,4.545454545454546,0.0030276472088560224,0.3510963686181261
712e6ed8aa4aa1fa65dab41fed5737e4,39385.0,77,0.22077922077922077,3.3947368421052633,0.002988006898973738,0.3540843755170998
634964b17796e64304cadf1ad3050fb7,39114.1,265,0.1018867924528302,4.056603773584905,0.0029674546311323773,0.3570518301482322
2eb70248d66e0e3ef83659f71b244378,38990.72,187,0.13903743315508021,2.7907608695652173,0.002958094207336633,0.36000992435556883
391fc6631aebcf3004804e51b40bcf1e,38559.07,513,0.10526315789473684,4.063725490196078,0.0029253463800434504,0.36293527073561227
7142540dd4c91e2237acb7e911c4eba2,37181.94,316,0.08227848101265822,4.054140127388535,0.0028208681791856696,0.3657561389147979
7178f9f4dd81dcef02f62acdf8151e01,36795.4,202,0.04950495049504951,4.059701492537314,0.002791542695201175,0.36854768160999907
ea8482cd71df3c1969d7b9473ff13abc,36696.76,1132,0.10424028268551237,4.0266429840142095,0.002784059211628374,0.37133174082162745
59417c56835dd8e2e72f91f809cd4092,36459.0,18,0.0,4.277777777777778,0.0027660211636329445,0.3740977619852604
c70c1b0d8ca86052f45a432a38b73958,36289.15,260,0.08461538461538462,4.368217054263566,0.002753135217922885,0.37685089720318327
06a2c3af7b3aee5d69171b0e14f0ee87,36097.979999999996,389,0.23136246786632392,4.012987012987013,0.0027386317958363843,0.37958952899901965
c3867b4666c7d76867627c2f7fb22e21,34666.9,228,0.11842105263157894,4.079646017699115,0.002630060590733342,0.382219589589753
7299e27ed73d2ad986de7f7c77d919fa,34107.44,335,0.04776119402985075,4.429850746268657,0.0025876162505099106,0.3848072058402629
e9bc59e7b60fc3063eb2290deda4cced,33543.69,209,0.11004784688995216,4.076555023923445,0.0025448464424790247,0.38735205228274194
1835b56ce799e6a4dc4eddc053f04066,33005.32,417,0.11750599520383694,3.6630434782608696,0.0025040021293090235,0.38985605441205096
5c243662ce92d84573bfaff24c3e3700,32862.02,98,0.030612244897959183,4.144329896907217,0.0024931304424073365,0.3923491848544583
dbc22125167c298ef99da25668e1011f,32829.12,394,0.025380710659898477,4.320610687022901,0.002490634430550634,0.39483981928500894
9c0e69c7bf2619675bbadf47b43f655a,32720.4,151,0.10596026490066225,4.173333333333333,0.0024823862114302475,0.3973222054964392
2528513dd95219a6013d4d05176e391a,32660.2,160,0.05,3.968152866242038,0.002477819040798834,0.39980002453723806
70eea00b476a314817cefde4aad4f89a,31424.75,106,0.07547169811320754,4.40952380952381,0.0023840896229154495,0.40218411416015354
0241d4d5d36f10f80c644447315af0bd,31397.7,238,0.058823529411764705,4.352320675105485,0.002382037430796185,0.4045661515909497
88460e8ebdecbfecb5f9601833981930,31320.4,246,0.1951219512195122,3.442857142857143,0.0023761729409322602,0.406942324531882
7681ef142fd2c19048da7430856b5588,31211.81,58,0.13793103448275862,4.228070175438597,0.0023679345844727054,0.4093102591163547
87142160b41353c4e5fca2360caf6f92,31095.98,305,0.05573770491803279,4.40625,0.0023591469536714325,0.41166940607002617
855668e0971d4dfd7bef1b6a4133b41b,30849.22,300,0.14,3.85472972972973,0.002340426106079945,0.4140098321761061
e59aa562b9f8076dd550fcddf0e73491,30716.3,69,0.10144927536231885,4.260869565217392,0.0023303419147123784,0.41634017409081847
76d5af76d0271110f9af36c92573f765,30497.6,125,0.096,4.120967741935484,0.0023137498845281572,0.4186539239753466
70a12e78e608ac31179aea7f8422044b,29963.53,312,0.10897435897435898,3.8129032258064517,0.0022732317978318285,0.42092715577317846
53e4c6e0f4312d4d2107a8c9cddf45cd,29587.77,463,0.05399568034557235,4.130151843817788,0.002244724156030169,0.4231718799292086
d23019c84ffae2d5ef2270367b8605fc,29205.1,39,0.02564102564102564,4.410256410256411,0.0022156922758719793,0.4253875722050806
900ba814c251a692506d7834c1218441,28833.03,86,0.13953488372093023,4.226190476190476,0.0021874645819047038,0.42757503678698533
1554a68530182680ad5c8b042c3ab563,28726.69,241,0.07053941908713693,4.322175732217573,0.002179396925344164,0.4297544337123295
0b90b6df587eb83608a64ea8b390cf07,28492.76,163,0.03680981595092025,4.033950617283951,0.0021616494465101677,0.43191608315883967
59b22a78efb79a4797979612b885db36,27184.5,125,0.128,3.9838709677419355,0.00206239617989467,0.43397847933873435
d1c281d3ae149232351cd8c8cc885f0d,26833.61,214,0.08878504672897196,3.806603773584906,0.002035775340976785,0.4360142546797111
b32be1695eb7ec5f10f72d9610a12527,26575.0,44,0.045454545454545456,4.1395348837209305,0.0020161554739171533,0.43803041015362826
12b9676b00f60f3b700e83af21824c0e,26376.0,133,0.015037593984962405,4.537878787878788,0.002001058016182082,0.4400314681698103
7e1fb0a3ebfb01ffb3a7dae98bf3238d,26169.53,155,0.12903225806451613,4.189542483660131,0.0019853938347822826,0.4420168620045926
a3a38f4affed601eb87a97788c949667,26004.73,249,0.04819277108433735,4.4089068825910935,0.001972891015512234,0.44398975302010485
de23c3b98a88888289c6f5cc1209054a,25933.670000000002,161,0.09937888198757763,4.291925465838509,0.0019674999333682435,0.4459572529534731
9f505651f4a6abe901a56cdc21508025,25912.84,393,0.05089058524173028,4.366666666666666,0.0019659196316364766,0.4479231725851096
16090f2ca825584b5a147ab24aa30c86,25579.16,398,0.10804020100502512,4.088383838383838,0.0019406044572794993,0.4498637770423891
b94cc9f10ddc85e4ba73a6f7974e7101,25346.1,39,0.07692307692307693,4.297297297297297,0.0019229229824064555,0.4517867000247956
a416b6a846a11724393025641d4edd5e,24930.24,157,0.12738853503184713,4.2165605095541405,0.0018913730890712465,0.4536780731138668
c003204e1ab016dfa150abc119207b24,24904.29,195,0.06666666666666667,4.466666666666667,0.0018894043502359445,0.45556747746410275
1c68394e931a64f90ea236c5ea590300,24832.75,142,0.035211267605633804,3.9049295774647885,0.0018839768521134973,0.45745145431621625
f62d7bb4a613ec758a03342d46b580b2,24665.0,32,0.125,4.375,0.0018712502263091848,0.45932270454252544
1900267e848ceeba8fa32d80c1a5f5a8,24639.57,406,0.10344827586206896,3.8659147869674184,0.0018693209381172107,0.46119202548064264
001cca7ae9ae17fb1caed9dfb1094831,24487.03,195,0.06666666666666667,4.0625,0.001857748243630237,0.46304977372427286
b37c4c02bda3161a7546a4e6d222d5b2,24075.0,4,0.25,2.25,0.0018264889194564615,0.46487626264372933
dc4a0fc896dc34b0d5bfec8438291c80,23655.98,225,0.06666666666666667,3.8177777777777777,0.001794699287596414,0.46667096193132573
2b3e4a2a3ea8e01938cabda2a3e5cc79,23629.15,52,0.0,4.365384615384615,0.001792663786133942,0.4684636257174597
40db9e9aa57f7bb151bcda6b0f9bdbb7,23168.0,12,0.08333333333333333,2.3636363636363638,0.0017576778934981227,0.4702213036109578
612170e34b97004b3ba37eae81836b4c,23065.02,107,0.018691588785046728,4.429906542056075,0.0017498651487867778,0.4719711687597446
7b0df942f46435babab05d49b744b2c4,22600.63,32,0.09375,4.387096774193548,0.0017146334482963776,0.47368580220804096
1a3df491d1c4f1589fc2b934ada68bf2,22472.4,160,0.05625,4.271875,0.0017049050713849798,0.47539070727942595
744dac408745240a2c2528fb1b6028f3,22322.6,78,0.01282051282051282,4.576923076923077,0.001693540251441695,0.47708424753086764
710e3548e02bc1d2831dfc4f1b5b14d4,22019.27,129,0.046511627906976744,3.421875,0.0016705276290558705,0.47875477515992354
7ad32824caee82087b3e2e5f33b1bf32,22018.1,147,0.14285714285714285,3.861111111111111,0.0016704388651083827,0.4804252140250319
ff69aa92bb6b1bf9b8b7a51c2ed9cf8b,21940.8,20,0.25,3.65,0.0016645743752444582,0.4820897884002764
f45122a9ab94eb4f3f8953578bc0c560,21764.68,184,0.07608695652173914,3.972826086956522,0.0016512127458158114,0.4837410011460922
897060da8b9a21f655304d50fd935913,21669.51,303,0.11551155115511551,3.7216666666666667,0.0016439925194206017,0.4853849936655128
06e5eefc71ec47ae763c5c6f8db7064f,21648.670000000002,90,0.022222222222222223,3.977272727272727,0.0016424114590226177,0.4870274051245354
b1b3948701c5c72445495bd161b83a4c,21519.5,14,0.6428571428571429,1.9285714285714286,0.0016326117674867425,0.48866001689202215
8444e55c1f13cd5c179851e5ca5ebd00,21480.96,92,0.06521739130434782,3.369565217391304,0.0016296878678831765,0.49028970475990535
8f2ce03f928b567e3d56181ae20ae952,21213.2,151,0.152317880794702,4.1466666666666665,0.0016093738212342185,0.49189907858113957
05ff92fedb5be47920fea08e501238b9,21146.98,56,0.05357142857142857,4.303571428571429,0.0016043499335396637,0.4935034285146792
59fb871bf6f4522a87ba567b42dafecf,21068.61,122,0.06557377049180328,4.30327868852459,0.00159840426639043,0.4951018327810696
d2374cbcbb3ca4ab1086534108cc3ab7,20926.02,514,0.058365758754863814,3.7799607072691552,0.00158758644479021,0.49668941922585985
00ee68308b45bc5e2660cd833c3f81cc,20260.0,135,0.08888888888888889,4.298507462686567,0.001537057757349446,0.4982264769832093
48162d548f5b1b11b9d29d1e01f75a61,20109.39,66,0.030303030303030304,3.984848484848485,0.001525631485442516,0.4997521084686518
729f06993dac8e860d4f02d7088ca48a,19885.18,94,0.11702127659574468,4.21505376344086,0.0015086214301722634,0.5012607298988241
004c9cd9d87a3c30c522c48c4fc07416,19569.73,156,0.08333333333333333,4.162337662337662,0.0014846893043304133,0.5027454192031545
bfd27a966d91cfaafdb25d076585f0da,19225.0,114,0.05263157894736842,4.31858407079646,0.0014585358038027196,0.5042039550069572
dc317f341ab0e22f39acbd9dbf9b4a1f,18988.4,55,0.05454545454545454,4.1454545454545455,0.0014405857610885599,0.5056445407680458
96493fab2fbb13a14d0c0e8772eef5c3,18969.0,63,0.06349206349206349,4.064516129032258,0.0014391139486259448,0.5070836547166717
f457c46070d02cadd8a68551231220dd,18798.3,195,0.06153846153846154,3.8737113402061856,0.0014261635162873686,0.508509818232959
0dd184061fb0eaa7ca37932c68ab91c5,18446.92,161,0.11801242236024845,4.03125,0.0013995055027248094,0.5099093237356839
44073f8b7e41514de3b7815dd0237f4f,18380.64,142,0.035211267605633804,3.74468085106383,0.0013944770630329477,0.5113038007987168
d650b663c3b5f6fb392b6326366efa9a,18335.9,57,0.07017543859649122,4.368421052631579,0.0013910827903743192,0.5126948835890912
cd68562d3f44870c08922d380acae552,18119.7,122,0.18032786885245902,4.016528925619835,0.0013746804267445586,0.5140695640158358
527801b552d0077ffd170872eb49683b,17942.8,90,0.1,4.47191011235955,0.00136125962135092,0.5154308236371867
821fb029fc6e495ca4f08a35d51e53a5,17851.62,24,0.375,3.4782608695652173,0.0013543421027766296,0.5167851657399634
a888faf2d1baececa6baf9c3d603ee1f,17564.8,53,0.1509433962264151,4.09433962264151,0.0013325820383164634,0.5181177477782798
9de4643a8dbde634fe55621059d92273,17560.34,72,0.041666666666666664,4.527777777777778,0.0013322436731833056,0.5194499914514631
c72de06d72748d1a0dfb2125be43ba63,17522.0,21,0.0,4.476190476190476,0.0013293349469040963,0.5207793263983672
165fc07beebdcb6190fba8a06db2a449,17481.4,50,0.12,3.8,0.0013262547620596548,0.5221055811604268
94144541854e298c2d976cb893b81343,17286.28,68,0.04411764705882353,4.253731343283582,0.0013114516668171067,0.5234170328272439
8b321bb669392f5163d04c59e235e066,17262.94,930,0.1043010752688172,4.10475161987041,0.0013096809398646615,0.5247267137671086
1e8b33f18b4f7598d87f5cbee2282cc2,17233.56,122,0.04918032786885246,4.4,0.0013074519785166397,0.5260341657456252
54a1852d1b8f10312c55e906355666ee,17056.46,198,0.09595959595959595,4.355329949238579,0.0012940159997986442,0.5273281817454238
0c8380b62e38e8a1e6adbeba7eb9688c,17029.600000000002,178,0.056179775280898875,4.0852272727272725,0.0012919782223375187,0.5286201599677613
abe42c5d03695b4257b5c6cbf4e6784e,17000.0,49,0.16326530612244897,3.9583333333333335,0.0012897325703327038,0.5299098925380941
76d64c4aca3a7baf218bf93ef7fa768d,16911.8,64,0.03125,4.2265625,0.0012830411342913306,0.5311929336723854
c3acdfac4e3e97ff87529454fbc03642,16788.0,12,0.08333333333333333,4.25,0.0012736488465144374,0.5324665825188999
8ae520247981aa06bc94abddf5f46d34,16320.99,65,0.015384615384615385,4.446153846153846,0.0012382183754749622,0.5337048008943749
41b39e28db005d9731d9d485a83b4c38,16306.75,187,0.06417112299465241,4.179144385026738,0.001237138034780754,0.5349419389291556
4a3ccda38b2129705f3fb522db62ca31,16169.09,64,0.09375,3.9296875,0.0012266942356259306,0.5361686331647816
ef0ace09169ac090589d85746e3e036f,16105.400000000001,128,0.0859375,4.3984375,0.0012218622904844902,0.5373904954552661
1f1bb1f0859883505541bdd6606193e5,16040.84,27,0.1111111111111111,4.333333333333333,0.0012169643413820971,0.5386074597966481
7aa4334be125fcdd2ba64b3180029f14,16012.949999999999,214,0.13551401869158877,4.131455399061033,0.0012148484213005334,0.5398223082179486
86ccac0b835037332a596a33b6949ee1,15894.34,178,0.033707865168539325,4.228813559322034,0.0012058498812907005,0.5410281580992393
fa40cc5b934574b62717c68f3d678b6d,15850.58,303,0.0627062706270627,4.4801324503311255,0.0012025299579214207,0.5422306880571608
4b9750c8ad28220fe6702d4ecb7c898f,15815.4,217,0.07834101382488479,4.364055299539171,0.0011998609701670496,0.5434305490273278
d921b68bf747894be13a97ae52b0f386,15645.8,77,0.012987012987012988,4.558441558441558,0.0011869939911124364,0.5446175430184402
6061155addc1e54b4cfb51c1c2a32ad8,15633.4,28,0.03571428571428571,4.642857142857143,0.0011860532450023115,0.5458035962634425
0adac9fbd9a2b63cccaac4f8756c1ca8,15557.6,106,0.0660377358490566,4.09433962264151,0.0011803025550710632,0.5469838988185136
2a5b78b41cd05baeac8df54c6606b92c,15554.279999999999,46,0.021739130434782608,4.543478260869565,0.0011800506778867393,0.5481639494964003
c33847515fa6305ce6feb1e818569f13,15519.85,114,0.043859649122807015,3.8508771929824563,0.0011774385900987067,0.549341388086499
229c3efbfb0ea2058de4ccdfbc3d784a,15404.0,117,0.017094017094017096,3.646551724137931,0.0011686494419649984,0.5505100375284641
c847e075301870dd144a116762eaff9a,15248.800000000001,41,0.0975609756097561,4.2,0.0011568749422640786,0.5516669124707282
e5a38146df062edaf55c38afa99e42dc,15200.9,119,0.09243697478991597,3.9745762711864407,0.0011532409310806117,0.5528201534018088
213b25e6f54661939f11710a6fddb871,15105.95,152,0.08552631578947369,3.814569536423841,0.0011460373953421947,0.553966190797151
85d9eb9ddc5d00ca9336a2219c97bb13,15086.34,498,0.03614457831325301,4.224242424242425,0.001144549650889005,0.5551107404480401
f9244d45189d3a3605499abddeade7d5,15081.439999999999,20,0.0,4.35,0.0011441779044422619,0.5562549183524823
e2a1ac9bf33e5549a2a4f834e70df2f8,14999.449999999999,5,0.0,4.8,0.0011379576001221692,0.5573928759526044
2a84855fd20af891be03bc5924d2b453,14989.0,155,0.03225806451612903,4.376623376623376,0.0011371647939245235,0.558530040746529
01fdefa7697d26ad920e9e0346d4bd1b,14802.53,128,0.0625,4.377952755905512,0.0011230179449604094,0.5596530586914894
79ebd9a61bac3eaf882805ed4ecfa12a,14783.09,133,0.06015037593984962,4.052631578947368,0.001121543097832923,0.5607746017893224
080199a181c46c657dc5aa235411be3b,14504.2,79,0.02531645569620253,4.615384615384615,0.0011003846556835062,0.5618749864450059
4c2b230173bb36f9b240f2b8ac11786e,14474.57,258,0.10077519379844961,3.9763779527559056,0.001098136727680038,0.5629731231726859
a5cba26a62b8b4d0145b68b841e62e7f,14438.84,53,0.018867924528301886,4.566037735849057,0.0010954260132836858,0.5640685491859696
1b4c3a6f53068f0b6944d2d005c9fc89,14420.5,111,0.06306306306306306,4.254545454545455,0.0010940346194401622,0.5651625838054097
5cf13accae3222c70a9cac40818ae839,14293.300000000001,148,0.033783783783783786,4.476190476190476,0.0010843843851492023,0.566246968190559
66922902710d126a0e7d26b0e3805106,14267.3,150,0.07333333333333333,4.496644295302014,0.001082411852982811,0.5673293800435418
8e6d7754bc7e0f22c96d255ebda59eba,14107.380000000001,84,0.16666666666666666,3.6011904761904763,0.0010702792628270695,0.5683996593063689
aba1721a889e04decc910aa13b768ef4,14103.3,83,0.10843373493975904,4.445783132530121,0.0010699697270101895,0.5694696290333792
f08a5b9dd6767129688d001acafc21e5,14069.630000000001,11,0.18181818181818182,4.2727272727272725,0.001067415297854713,0.5705370443312339
c6bda72e4dbf5c5866b13cb1810c6d03,14059.380000000001,59,0.03389830508474576,4.398305084745763,0.0010666376649814244,0.5716036819962153
2e90cb1677d35cfe24eef47d441b7c87,13894.710000000001,127,0.13385826771653545,4.118110236220472,0.0010541447083722074,0.5726578267045874
3b15288545f8928d3e65a8f949a28291,13764.82,101,0.06930693069306931,4.08,0.0010442903928686476,0.5737021170974561
b8bc237ba3788b23da09c0f1f3a3288c,13685.710000000001,45,0.022222222222222223,4.318181818181818,0.0010382885844192936,0.5747404056818755
d94a40fd42351c259927028d163af842,13674.8,100,0.04,4.214285714285714,0.001037460879575627,0.5757778665614511
a6bd7d1ccdac48c6b33b28596b7eb122,13669.11,15,0.13333333333333333,3.5,0.0010370291984976745,0.5768148957599488
610f72e407cdd7caaa2f8167b0163fd8,13585.16,16,0.125,3.625,0.0010306601955988844,0.5778455559555477
ce248b21cb2adc36282ede306b7660e5,13560.19,64,0.109375,4.234375,0.001028765806052931,0.5788743217616006
6039e27294dc75811c0d8a39069f52c0,13500.800000000001,63,0.2222222222222222,3.7301587301587302,0.001024260087385163,0.5798985818489858
6d66611d7c44cc30ce351abc49a68421,13428.6,164,0.06097560975609756,3.9691358024691357,0.001018782517292338,0.5809173643662782
34d1ca11b242c0fee2c834ae8d788566,13422.24,40,0.0,4.333333333333333,0.0010183000055777902,0.581935664371856
289cdb325fb7e7f891c38608bf9e0962,13410.55,109,0.01834862385321101,4.587155963302752,0.0010174131247691319,0.5829530774966251
a3e9a2c700480d9bb01fba070ba80a0e,13371.8,129,0.10077519379844961,4.003937007874016,0.0010144732931749911,0.5839675507898
a673821011d0cec28146ea42f5ab767f,13366.0,125,0.112,4.037190082644628,0.0010140332667686425,0.5849815840565686
240b9776d844d37535668549a396af32,13332.09,35,0.05714285714285714,4.3428571428571425,0.0010114606296239377,0.5859930446861926
1f9ab4708f3056ede07124aad39a2554,13312.93,76,0.05263157894736842,4.093333333333334,0.001010007025150551,0.5870030517113431
8cc6a0e5738e61a87b03c78b2ba9db4b,13272.7,23,0.08695652173913043,4.478260869565218,0.0010069549109561694,0.5880100066222993
d05ae8f7a5bd1d2a690a44cd079e4e27,13244.0,77,0.09090909090909091,3.8947368421052633,0.0010047775389109607,0.5890147841612102
0b35c634521043bf4b47e21547b99ab5,13235.65,50,0.16,3.4081632653061225,0.0010041440526190619,0.5900189282138293
669ae81880e08f269a64487cfb287169,13133.87,161,0.043478260869565216,4.2625,0.0009964223478538584,0.5910153505616832
05f51e13da97139648b8125c31e5f51b,13100.31,57,0.15789473684210525,4.228070175438597,0.000993876264026778,0.59200922682571
c31eff8334d6b3047ed34bebd4d62c36,12991.61,120,0.14166666666666666,3.8739495798319328,0.0009856295622388271,0.5929948563879488
431af27f296bc6519d890aa5a05fdb11,12974.6,116,0.15517241379310345,3.8,0.0009843390710022766,0.5939791954589511
6edacfd9f9074789dad6d62ba7950b9c,12966.4,205,0.05853658536585366,4.390243902439025,0.0009837169647036455,0.5949629124236547
9e6229250fedbe05838fef417b74e7fb,12962.300000000001,73,0.0410958904109589,3.8904109589041096,0.00098340591155433,0.5959463183352091
039e6ad9dae79614493083e241147386,12925.0,5,0.2,4.0,0.0009805760865617763,0.5969268944217708
d50d79cb34e38265a8649c383dcffd48,12842.43,69,0.07246376811594203,4.25,0.0009743117796010487,0.5979012062013719
440dd6ab244315c632130ecfb63827b1,12829.300000000001,88,0.13636363636363635,3.8636363636363638,0.0009733156508570212,0.5988745218522289
ed4acab38528488b65a9a9c603ff024a,12759.45,32,0.03225806451612903,3.71875,0.0009680163673253894,0.5998425382195542
00fc707aaaad2d31347cf883cd2dfe10,12684.9,103,0.04854368932038835,4.063725490196078,0.0009623605106713715,0.6008048987302256
530ec6109d11eaaf87999465c6afee01,12682.11,94,0.010638297872340425,4.340425531914893,0.0009621488427965935,0.6017670475730221
75d34ebb1bd0bd7dde40dd507b8169c3,12656.33,57,0.15789473684210525,3.9298245614035086,0.0009601930012869947,0.6027272405743092
b372ee768ed69e46ca8cdbd267aa7a38,12630.0,63,0.0,4.436507936507937,0.0009581954331354147,0.6036854360074446
cfb1a033743668a192316f3c6d1d2671,12609.54,143,0.11888111888111888,4.038732394366197,0.0009566432020537085,0.6046420792094983
e24fc9fcd865784fb25705606fe3dfe7,12558.0,50,0.08,4.16,0.0009527330363669469,0.6055948122458652
1ca7077d890b907f89be8c954a02686a,12474.64,108,0.2222222222222222,2.392523364485981,0.0009464087947750095,0.6065412210406402
ad97a199236354e53fcd91a5a913e9a2,12446.85,16,0.125,4.5,0.0009443004613556245,0.6074855215019959
ac3508719a1d8f5b7614b798f70af136,12446.140000000001,101,0.0297029702970297,4.64,0.0009442465960541577,0.60842976809805
99eaacc9e6046db1c82b163c5f84869f,12443.28,62,0.11290322580645161,3.9838709677419355,0.0009440296175158546,0.6093737977155659
2b1a40c1daabc6ca280c4b815c101841,12342.6,22,0.045454545454545456,3.8181818181818183,0.0009363913660346136,0.6103101890816005
d6b1ce66b035a475f00c017792ff9769,12277.4,92,0.06521739130434782,4.277777777777778,0.0009314448622942788,0.6112416339438947
fbc14c0cf93505ef89f64665ffa4a7b5,12227.82,18,0.05555555555555555,4.176470588235294,0.0009276833951862144,0.612169317339081
6e386f64c84e482f0b9abf960797ee1b,12209.3,29,0.10344827586206896,4.607142857142857,0.0009262783453507695,0.6130955956844317
056b4ada5bbc2c50cc7842547dda6b51,12203.400000000001,64,0.109375,4.2063492063492065,0.0009258307322822424,0.614021426416714
c66dccfb3f109511246da627dd5a2498,12182.55,44,0.045454545454545456,4.568181818181818,0.00092424891321804,0.614945675329932
2e1c9f22be269ef4643f826c9e650a52,12170.24,161,0.06832298136645963,4.24375,0.0009233149951038757,0.615868990325036
c8b0e2b0a7095e5d8219575d5e7e1181,12170.210000000001,84,0.07142857142857142,4.0843373493975905,0.0009233127191052222,0.6167923030441411
66e0557ecc2b4dbea057e93f215f68d8,12141.0,30,0.26666666666666666,4.033333333333333,0.0009210966550829034,0.617713399699224
87b740daf17b5d1be335a64164ec6842,12099.89,11,0.09090909090909091,3.727272727272727,0.0009179777782613518,0.6186313774774853
7202e2ba20579a9bd1acb29e61fe71f6,12085.699999999999,51,0.058823529411764705,3.98,0.0009169012308982328,0.6195482787083836
70c27847eca8195c983ed7e798c56743,12077.52,77,0.09090909090909091,4.233766233766234,0.0009162806419320376,0.6204645593503156
ff063b022a9a0aab91bad2c9088760b7,12076.5,94,0.031914893617021274,4.311827956989247,0.0009162032579778176,0.6213807626082934
2138ccb85b11a4ec1e37afbd1c8eda1f,12039.33,386,0.054404145077720206,3.9506493506493507,0.0009133832956460961,0.6222941459039395
8b8cfc8305aa441e4239358c9f6f2485,11892.0,15,0.13333333333333333,4.2,0.0009022058662586185,0.6231963517701982
701938c450705b8ae65fc923b70f35c7,11879.289999999999,74,0.06756756756756757,4.0,0.0009012416014957404,0.6240975933716939
7901646fdd36a55f564ffaf2dbccaaf7,11857.08,22,0.13636363636363635,4.5,0.0008995566038259116,0.6249971499755198
09f952a5f58d2285b0372551ae8f9b01,11821.5,50,0.06,3.84,0.0008968572694228271,0.6258940072449426
48436dade18ac8b2bce089ec2a041202,11821.11,134,0.07462686567164178,4.104477611940299,0.0008968276814403312,0.6267908349263829
adbc26658d6c7b4b6219f9d934598091,11806.4,88,0.1590909090909091,4.125,0.0008957116834338845,0.6276865466098167
72c5da29406b4234927b81855e7b64f6,11798.69,31,0.03225806451612903,4.129032258064516,0.0008951267517799277,0.6285816733615966
128639473a139ac0f3e5f5ade55873a5,11795.849999999999,527,0.06261859582542695,4.213051823416507,0.0008949112905740602,0.6294765846521707
ce7d1888639e6fb06b2749cbfdac1ff7,11793.89,78,0.08974358974358974,4.166666666666667,0.0008947625919953631,0.6303713472441661
e8b3a3a38279a82f0e5d006d5e5b7d2c,11762.4,80,0.05,4.0125,0.0008923735520753762,0.6312637207962415
bba3293d6f5d5af2f415e004e8b93ae3,11702.1,17,0.058823529411764705,4.294117647058823,0.0008877987947817844,0.6321515195910232
e26901d5ab434ce92fd9b5c256820a4e,11601.5,197,0.025380710659898477,4.2030456852791875,0.0008801666126302862,0.6330316862036535
c4d51195486dc781531876a7d00453d8,11468.98,17,0.29411764705882354,3.9411764705882355,0.0008701127679114338,0.6339017989715648
25e6ffe976bd75618accfe16cefcbd0d,11464.62,105,0.05714285714285714,4.438095238095238,0.0008697819894404544,0.6347715809610053
d1b65fc7debc3361ea86b5f14c68d2e2,11413.17,39,0.05128205128205128,4.641025641025641,0.0008658786517496533,0.635637459612755
a7f13822ceb966b076af67121f87b063,11406.800000000001,68,0.058823529411764705,3.5294117647058822,0.0008653953813688876,0.6365028549941238
b4f8921fcc4ff77b66bea6dda43dcd51,11395.05,18,0.05555555555555555,4.555555555555555,0.0008645039485629222,0.6373673589426868
0be8ff43f22e456b4e0371b2245e4d01,11336.0,156,0.0641025641025641,4.032051282051282,0.0008600240245465607,0.6382273829672334
c60b801f2d52c7f7f91de00870882a75,11296.5,39,0.20512820512820512,3.4358974358974357,0.0008570272929860818,0.6390844102602194
5d378b73ab7dd6f0418d743e5dcb0bd1,11254.0,6,0.16666666666666666,3.8333333333333335,0.00085380296156025,0.6399382132217797
1d8dbc4f32378d715c717c1c1fc57bae,11205.99,91,0.0989010989010989,4.056179775280899,0.0008501606050483869,0.6407883738268281
6cd68b3ed6d59aaa9fece558ad360c0a,11188.57,149,0.020134228187919462,4.456375838926174,0.0008488390084969048,0.6416372128353249
80e6699fe29150b372a0c8a1ebf7dcc8,11079.67,95,0.042105263157894736,4.329787234042553,0.0008405771333845971,0.6424777899687095
ccb83a794700270fde70898fe9ff368b,11062.0,12,0.16666666666666666,4.333333333333333,0.0008392365701776689,0.6433170265388872
cab85505710c7cb9b720bceb52b01cee,11019.8,199,0.02512562814070352,4.33080808080808,0.0008360349987383723,0.6441530615376256
8d956fec2e4337affcb520f56fd8cbfd,10988.2,210,0.10476190476190476,4.214285714285714,0.0008336376134899893,0.6449866991511156
5a8e7d5003a1f221f9e1d6e411de7c23,10922.3,136,0.058823529411764705,4.176470588235294,0.0008286380031144054,0.64581533715423
95e03ca3d4146e4011985981aeb959b9,10865.16,172,0.03488372093023256,4.0323529411764705,0.0008243029843456518,0.6466396401385757
7ea5bfa6c340f58f8e71fc1f0412b0d6,10838.41,96,0.07291666666666667,4.189473684210526,0.0008222735522129224,0.6474619136907885
813348c996469b40f2e028d5429d3495,10813.53,172,0.05232558139534884,4.06508875739645,0.0008203859906629297,0.6482822996814515
82e0a475a88cc9595229d8029273f045,10748.02,41,0.0975609756097561,3.6341463414634148,0.0008154159682698417,0.6490977156497213
23d7c96d4a1160db1c726b248601b25a,10658.24,50,0.12,3.9270833333333335,0.0008086046629660493,0.6499063203126874
c9c7905cffc4ef9ff9f113554423e671,10657.18,127,0.10236220472440945,4.141732283464567,0.0008085242443469581,0.6507148445570343
c864036feaab8c1659f65ea4faebe1da,10454.2,58,0.034482758620689655,4.568965517241379,0.0007931248374571856,0.6515079693944915
0ea22c1cfbdc755f86b9b54b39c16043,10437.5,231,0.017316017316017316,4.4298245614035086,0.000791857864873388,0.6522998272593649
6973a06f484aacf400ece213dbf3d946,10418.72,89,0.16853932584269662,3.75,0.0007904330897162793,0.6530902603490811
54965bbe3e4f07ae045b90b0b8541f52,10351.7,73,0.3013698630136986,3.1449275362318843,0.0007853485087242972,0.6538756088578054
ea566164622c6b439516ab18062c42cd,10309.42,50,0.22,3.78,0.000782140867955258,0.6546577497257606
33a6f4b1e7cdc205511e76ba1b6e0186,10295.01,105,0.01904761904761905,4.40952380952381,0.0007810476299353465,0.655438797355696
dd2bdf855a9172734fbc3744021ae9b9,10267.2,103,0.05825242718446602,3.8484848484848486,0.0007789377791835258,0.6562177351348795
f262cbc1c910c83959f849465454ddd3,10199.86,189,0.09523809523809523,4.180851063829787,0.0007738289208725726,0.656991564055752
1c5e4e49b9079480255b49d50aac1aa9,10173.11,12,0.0,4.333333333333333,0.0007717994887398432,0.6577633635444918
c510bc1718f0f2961eaa42a23330681a,10141.0,12,0.0,4.25,0.0007693634115143501,0.6585327269560062
b499c00f28f4b7069ff6550af8c1348a,10132.19,146,0.13013698630136986,4.226027397260274,0.0007686950265764306,0.6593014219825826
9d5a9018aee56acb367ba9c3f05d1d6a,10119.98,66,0.015151515151515152,4.454545454545454,0.0007677686951244445,0.660069190677707
7b1222c3624aa89b9558b50a2594188c,10103.52,22,0.13636363636363635,4.454545454545454,0.0007665199305298754,0.6608357106082369
5882820ef11c4c068eea0677a7a879b4,9925.5,14,0.07142857142857142,4.153846153846154,0.0007530141545198384,0.6615887247627568
0df3984f9dfb3d49ac6366acbd3bbb85,9891.49,86,0.011627906976744186,4.383720930232558,0.0007504339307129552,0.6623391586934697
9d4db00d65d7760644ac0c14edb5fd86,9845.710000000001,97,0.041237113402061855,4.541666666666667,0.0007469607567676711,0.6630861194502374
06532f10282704ef4c69168b914b77be,9827.95,7,0.0,4.714285714285714,0.0007456133655647822,0.6638317328158022
5343d0649eca2a983820bfe93fc4d17e,9819.02,70,0.1,3.869565217391304,0.0007449358766322486,0.6645766686924345
f3b80352b986ab4d1057a4b724be19d0,9815.1,86,0.0,4.209302325581396,0.0007446384794748543,0.6653213071719093
5058e8c1e82653974541e83690655b4a,9812.83,62,0.12903225806451613,3.2459016393442623,0.0007444662622434039,0.6660657734341527
bd23da7354813347129d751591d1a6e2,9704.6,86,0.046511627906976744,4.117647058823529,0.0007362552177676917,0.6668020286519204
17ca9b9e9b9ef8fdb529001b49ebb50f,9649.86,115,0.02608695652173913,4.069565217391304,0.0007321022788912204,0.6675341309308116
e96498ed8daaa3e9c23f7a62da76591c,9619.09,34,0.14705882352941177,3.9411764705882355,0.0007297678629389182,0.6682638987937505
e7df4cd29ab5abab70fb0783ddb53987,9608.699999999999,23,0.17391304347826086,4.304347826086956,0.0007289796087385794,0.6689928784024891
cf8ab1616079e2793aa29d524df01bb1,9594.0,6,0.16666666666666666,2.5,0.0007278643693983507,0.6697207427718874
b2ac621f0d0322434d04a12b078b9369,9575.5,30,0.1,4.4,0.0007264608368953416,0.6704472036087827
ef506c96320abeedfb894c34db06f478,9556.5,316,0.08544303797468354,3.961783439490446,0.0007250193710814403,0.6711722229798642
1c129092bf23f28a5930387c980c0dfc,9528.619999999999,200,0.055,4.251256281407035,0.0007229042096660946,0.6718951271895304
4830e40640734fc1c52cd21127c341d4,9490.5,204,0.06862745098039216,4.2254901960784315,0.000720012174043678,0.6726151393635741
3db66a856d18a9cba7c9241fc5221c50,9478.300000000001,94,0.11702127659574468,4.191489361702128,0.00071908660125791,0.673334225964832
a00824eb9093d40e589b940ec45c4eb0,9399.97,3,0.0,4.666666666666667,0.0007131439687735475,0.6740473699336055
3c487ae8f8d7542beff5788e2e0aea83,9385.699999999999,30,0.03333333333333333,4.2,0.0007120613520806857,0.6747594312856862
01cf7e3d21494c41fb86034f2e714fa1,9369.66,58,0.05172413793103448,4.105263157894737,0.000710844451467266,0.6754702757371535
31344c16881c08a8a72c6d2eb29918c1,9365.8,42,0.047619047619047616,4.428571428571429,0.0007105516063071786,0.6761808273434606
05feb94f19d094d4b0f9281f0b1d4c99,9353.0,6,0.0,4.5,0.00070958051354834,0.6768904078570089
270297ead4c65a6cd2593960d2af6b21,9344.4,17,0.0,3.823529411764706,0.0007089280606009952,0.6775993359176099
ce27a3cc3c8cc1ea79d11e561e9bebb6,9334.55,118,0.025423728813559324,4.212389380530974,0.0007081807743764201,0.6783075166919863
81a1104df0f08b59c68aa5b03cfe398e,9320.98,72,0.05555555555555555,4.314285714285714,0.0007071512643188074,0.6790146679563052
aaed1309374718fdd995ee4c58c9dfcd,9282.550000000001,103,0.02912621359223301,4.048543689320389,0.0007042357100436378,0.6797189036663488
7b07b3c7487f0ea825fc6df75abd658b,9259.47,91,0.04395604395604396,4.417582417582418,0.0007024847084128566,0.6804213883747616
ca3bd7cd9f149df75950150d010fe4a2,9253.47,68,0.04411764705882353,4.088235294117647,0.0007020295086821509,0.6811234178834438
aafe36600ce604f205b86b5084d3d767,9251.4,129,0.046511627906976744,4.403100775193798,0.0007018724647750575,0.6818252903482188
d71d863e5ef30d94e440c11be17dcd8f,9246.9,23,0.13043478260869565,3.3333333333333335,0.0007015310649770282,0.6825268214131959
7040e82f899a04d1b434b795a43b4617,9213.7,208,0.09615384615384616,3.650485436893204,0.0006990122931337903,0.6832258337063296
cb8bcce248bb1fb274ba762d8b971456,9152.4,66,0.015151515151515152,4.333333333333333,0.0006943616692184141,0.683920195375548
dd7ddc04e1b6c2c614352b383efe2d36,9148.61,121,0.15702479338842976,3.875,0.0006940741347218518,0.6846142695102699
6c12e40690c335dbc2f68a4134d30dc1,9139.2,16,0.0,4.071428571428571,0.0006933602298108617,0.6853076297400807
06df0c10d34e459d9672bc77388742eb,9070.0,26,0.11538461538461539,4.346153846153846,0.0006881102595833896,0.6859957399996641
048c2757535328e0d7dac690ad3c0aae,9065.08,50,0.14,4.244897959183674,0.000687736995804211,0.6866834769954683
5b8154610ebb21fb90eb587365e673df,9048.050000000001,37,0.10810810810810811,4.162162162162162,0.0006864449872352249,0.6873699219827035
4e7c18b98d84e05cbae3ff0ff03846c2,9038.9,81,0.04938271604938271,4.2125,0.0006857508076458987,0.6880556727903494
8b28d096634035667e8263d57ba3368c,9025.3,139,0.11510791366906475,4.014598540145985,0.0006847190215896325,0.688740391811939
0db783cfcd3b73998abc6e10e59a102f,9007.4,130,0.038461538461538464,4.232558139534884,0.0006833610090596939,0.6894237528209988
403aa86912527d730337ffcb0fb096ab,8959.89,11,0.0,4.0,0.000679756585858723,0.6901035094068575
f27e33c6d29b5138fa9967bcd445b6d5,8888.3,93,0.10752688172043011,4.096774193548387,0.0006743252944051866,0.6907778347012626
32b8764b4ef628b53608fc34011fcc13,8884.0,36,0.08333333333333333,4.194444444444445,0.0006739990679315143,0.6914518337691942
066a6914e1ebf3ea95a216c73a986b91,8876.48,65,0.03076923076923077,4.092307692307692,0.0006734285509356965,0.6921252623201298
5f2684dab12e59f83bef73ae57724e45,8870.97,67,0.05970149253731343,3.791044776119403,0.0006730105258496651,0.6927982728459795
624f4ece8da4aafb77699233d480f8ef,8857.0,51,0.0784313725490196,4.235294117647059,0.0006719506691433388,0.6934702235151229
f80edd2c5aaa505cc4b0a3b219abf4b8,8855.5,116,0.05172413793103448,4.147826086956521,0.0006718368692106623,0.6941420603843336
8e8a7ce9f2f970dc00e2acf6f6e199f6,8821.0,63,0.09523809523809523,4.0,0.0006692194707591047,0.6948112798550927
af4a0e4cfe1d9c26b6712b1be25a72e5,8757.98,21,0.09523809523809523,3.4285714285714284,0.0006644383562542597,0.695475718211347
9b013e03b2ab786505a1d3b5c0756754,8714.55,170,0.058823529411764705,4.218934911242603,0.0006611434688701685,0.6961368616802172
6d803cb79cc31c41c4c789a75933b3c7,8711.4,58,0.06896551724137931,4.25,0.0006609044890115481,0.6967977661692287
d03698c2efd04a549382afa6623e27fb,8703.92,17,0.058823529411764705,4.470588235294118,0.0006603370066806017,0.6974581031759093
1da3aeb70d7989d1e6d9b0e887f97c23,8691.56,261,0.05747126436781609,4.165384615384616,0.000659399295235348,0.6981175024711447
b1a81260566c1bac3114a6d124413f27,8684.69,51,0.0196078431372549,4.2745098039215685,0.0006588780915436901,0.6987763805626883
562fc2f2c2863ab7e79a9e4388a58a14,8659.25,255,0.03529411764705882,4.229249011857707,0.000656948044685498,0.6994333286073738
a49928bcdf77c55c6d6e05e09a9b4ca5,8646.900000000001,96,0.2604166666666667,3.03125,0.0006560110919064623,0.7000893396992803
17306570e772e7718c92a562d33f5f1d,8640.0,27,0.07407407407407407,3.7777777777777777,0.0006554876122161507,0.7007448273114965
fffd5413c0700ac820c7069d66d98c89,8535.0,57,0.14035087719298245,3.892857142857143,0.0006475216169288016,0.7013923489284253
6c7d50c24b3ccd2fd83b44d8bb34e073,8445.960000000001,112,0.017857142857142856,4.45045045045045,0.0006407664529251298,0.7020331153813504
259f7b5e6e482c230e5bfaa670b6bb8f,8393.14,136,0.022058823529411766,4.355555555555555,0.0006367591779624841,0.7026698745593128
054694fa03fe82cec4b7551487331d74,8286.1,20,0.3,3.4,0.0006286384147666952,0.7032985129740795
db2956745b3a8e9f3785c99f34b5d25e,8261.0,45,0.1111111111111111,3.8444444444444446,0.0006267341625599099,0.7039252471366394
b92e3c8f9738272ff7c59e111e108d7c,8231.09,62,0.03225806451612903,4.161290322580645,0.0006244649919023421,0.7045497121285418
cbd996ad3c1b7dc71fd0e5f5df9087e2,8217.5,160,0.0875,4.210191082802548,0.0006234339645122938,0.705173146093054
397c4d0c005b6f41f90098ac724e28cb,8177.0,5,0.4,4.4,0.0006203613663300306,0.7057935074593841
4371b634e0efc0e22b09b52907d9d469,8168.0,101,0.07920792079207921,4.48,0.0006196785667339721,0.706413186026118
67883baaae6134ee81b271a542613728,8167.9,19,0.15789473684210525,4.105263157894737,0.0006196709800717937,0.7070328570061898
fdb9095204a334cd8872252ffec6f2db,8156.0,46,0.06521739130434782,4.184782608695652,0.0006187681672725608,0.7076516251734624
52d76513f0c4d97f3b99570e2c94ee31,8153.099999999999,19,0.05263157894736842,4.055555555555555,0.0006185481540693864,0.7082701733275317
33a17d60c64393351ebf1ef860f4e0f2,8152.4800000000005,43,0.023255813953488372,4.627906976744186,0.0006185011167638802,0.7088886744442956
93dc87703c046b603023e75222018b45,8149.35,33,0.09090909090909091,4.129032258064516,0.0006182636542376953,0.7095069380985333
784ba75dd9d20200c4caed3d7a77141a,8142.33,19,0.10526315789473684,4.131578947368421,0.0006177310705527697,0.710124669169086
4bfc7a4a1cf8d4d2121c27422d9e50b5,8124.4,26,0.038461538461538464,4.538461538461538,0.0006163707820241776,0.7107410399511102
8fb791022c1fc8909664f48ab7dc636d,8119.95,5,0.0,4.2,0.0006160331755572376,0.7113570731266674
6c177e38df6d3f34182b1f1d427231bf,8112.89,53,0.03773584905660377,4.150943396226415,0.0006154975572074407,0.7119725706838749
6bd69102ab48df500790a8cecfc285c2,8070.0,5,0.2,3.0,0.000612243637799113,0.712584814321674
fcb5ace8bcc92f75707dc0f01a27d269,8009.35,59,0.03389830508474576,3.9827586206896552,0.0006076423271878966,0.7131924566488619
b1fc4f64df5a0e8b6913ab38803c57a9,7994.74,107,0.12149532710280374,3.857142857142857,0.0006065339158436283,0.7137989905647055
903037660cf848a717166eb7a06d616e,7935.18,44,0.13636363636363635,3.9545454545454546,0.0006020152998501569,0.7144010058645557
5656537e588803a555b8eb41f07a944b,7931.26,171,0.07602339181286549,3.8947368421052633,0.0006017179026927624,0.7150027237672485
3078096983cf766a32a06257648502d1,7910.84,56,0.05357142857142857,4.303571428571429,0.0006001687062759275,0.7156028924735244
972d0f9cf61b499a4812cf0bfa3ad3c4,7910.42,81,0.1111111111111111,3.0253164556962027,0.0006001368422947781,0.7162030293158191
7d456afc660226829370f3173d14520c,7892.35,54,0.05555555555555555,4.333333333333333,0.0005987659324391362,0.7168017952482583
750303a20e9c56b2a6bc45cdce0b897d,7876.0,53,0.03773584905660377,4.30188679245283,0.0005975255131729633,0.7173993207614312
bbf9ad41dca6603e614efcdad7aab8c4,7846.0,14,0.0,4.5,0.000595249514519435,0.7179945702759506
725c32fa80c2faacc4fc88450d27314e,7838.88,89,0.011235955056179775,4.517241379310345,0.000594709344172331,0.718589279620123
8476243f92442881ddd5b578975cf115,7838.0,12,0.08333333333333333,4.083333333333333,0.0005946425815451608,0.7191839222016682
2dee2ce60de9709b1a24083217181a1f,7784.5,54,0.018518518518518517,4.425925925925926,0.000590583717279702,0.7197745059189479
b18dc380845b24038cfc48006478f099,7753.96,43,0.16279069767441862,4.214285714285714,0.0005882667506504102,0.7203627726695983
7bac63f6603d382cc8d0832eb6c100a8,7751.95,19,0.15789473684210525,4.0,0.0005881142587406238,0.7209508869283389
5b925e1d006e9476d738aa200751b73b,7748.5,63,0.06349206349206349,4.603174603174603,0.0005878525188954681,0.7215387394472343
6fd52c528dcb38be2eea044946b811f8,7743.0199999999995,67,0.13432835820895522,3.393939393939394,0.0005874367698080902,0.7221261762170424
257e61d3251fb5efb9daadddbc2cf7ca,7729.0,12,0.0,4.75,0.0005863731197706747,0.7227125493368132
ebd2d60905fb58271facef5596b620d3,7713.02,82,0.036585365853658534,4.2317073170731705,0.0005851607711545619,0.7232977101079677
3bb548e3cb7f70f28e3f11ee9dce0e59,7690.02,46,0.0,4.195652173913044,0.0005834158388535235,0.7238811259468213
2089a6d640999f9b9141ac719b2af596,7676.02,41,0.14634146341463414,3.926829268292683,0.0005823537061485437,0.7244634796529699
08633c14ef2db992c11f840f04fad4cd,7644.3,74,0.06756756756756757,4.364864864864865,0.0005799472169055464,0.7250434268698754
73a63f72308aa20a46f4b1632018f196,7640.8,27,0.0,4.1923076923076925,0.0005796816837293014,0.7256231085536048
4e17c65a516f69d023a2ae78b84f28d6,7639.26,61,0.06557377049180328,4.229508196721311,0.0005795648491317537,0.7262026734027366
52f976b17ea7f2f087f56dcc419328f6,7630.0,6,0.0,3.6666666666666665,0.0005788623242140312,0.7267815357269506
9596c870880d900012f2e8e6e30d06d7,7625.35,21,0.047619047619047616,4.285714285714286,0.0005785095444227344,0.7273600452713733
0432ead42b6c8a0bdf68154add917fdf,7574.400000000001,82,0.036585365853658534,4.536585365853658,0.0005746441400428254,0.7279346894114161
42bde9fef835393bb8a8849cb6b7f245,7574.0,34,0.029411764705882353,4.352941176470588,0.0005746137933941118,0.7285093032048102
8a432f4e5b471f8da497d7dc517666e2,7555.0,95,0.05263157894736842,4.191489361702128,0.0005731723275802105,0.7290824755323905
e5a3438891c0bfdb9394643f95273d8e,7549.96,216,0.18518518518518517,3.9953488372093022,0.0005727899598064177,0.7296552654921968
058fd0aa2bfdb2274e05e1ae971dabb6,7549.9,60,0.06666666666666667,4.383333333333334,0.0005727854078091106,0.730228050900006
640e21a7d01df7614a3b4923e990d40c,7528.89,115,0.06956521739130435,4.3304347826086955,0.000571191450085423,0.7307992423500914
7008613ea464bad5cb9b83456e1e6a8f,7498.8,122,0.04918032786885246,4.2727272727272725,0.0005689086234359342,0.7313681509735274
c26a2be5b53b7db6b276280da212a779,7482.0,13,0.0,3.3846153846153846,0.0005676340641899583,0.7319357850377173
062ce95fa2ad4dfaedfc79260130565f,7479.1,54,0.037037037037037035,4.092592592592593,0.0005674140509867839,0.7325031990887041
bd0389da23d89b726abf911cccc54596,7472.160000000001,87,0.08045977011494253,4.172413793103448,0.0005668875366316011,0.7330700866253357
a420f60ff1aa9acc80d0e42959f2b313,7443.3,67,0.08955223880597014,3.953846153846154,0.0005646980259269068,0.7336347846512626
7a241947449cc45dbfda4f9d0798d9d0,7434.66,56,0.07142857142857142,4.1454545454545455,0.0005640425383146906,0.7341988271895773
0bae85eb84b9fb3bd773911e89288d54,7433.5599999999995,136,0.007352941176470588,4.294117647058823,0.0005639590850307278,0.734762786274608
18a349e75d307f4b4cc646a691ed4216,7425.21,109,0.06422018348623854,3.6018518518518516,0.0005633255987388292,0.7353261118733468
512d298ac2a96d1931b6bd30aa21f61d,7401.94,11,0.0,4.2727272727272725,0.000561560182449909,0.7358876720557967
e0a366315b1b726b6c7832d664c0f530,7400.09,43,0.046511627906976744,4.3023255813953485,0.0005614198291996082,0.7364490918849964
f25e239052084705e17a982bc600ab2a,7380.0,8,0.0,4.25,0.000559895668767962,0.7370089875537643
d51e0a403fe2e689ece6c73359d96e12,7380.0,18,0.1111111111111111,4.222222222222222,0.000559895668767962,0.7375688832225322
b410bdd36d5db7a65dcd42b7ead933b8,7368.9,42,0.023809523809523808,4.809523809523809,0.0005590535492661565,0.7381279367717983
381c83fdca332ea6afd896da20bf6e4a,7355.8,46,0.043478260869565216,4.391304347826087,0.0005580596965207825,0.7386859964683191
a2e874074c877c5a05abae80ad6e488f,7355.0,40,0.05,4.25,0.0005579990032233552,0.7392439954715425
961dff0a659b4561334372337dd897d9,7297.0,3,0.6666666666666666,4.666666666666667,0.0005535987391598671,0.7397975942107023
b347677812ea483b0f528eaf8cbc09b7,7288.99,21,0.0,4.523809523809524,0.000552991047519375,0.7403505852582217
4aba391bc3b88717ce08eb11e44937b2,7286.88,27,0.14814814814814814,4.0,0.0005528309689474102,0.7409034162271692
aced59e9b31ef866a94f9e7f29d8d418,7268.5,61,0.08196721311475409,4.426229508196721,0.0005514365404390152,0.7414548527676081
e333046ce6517bd8bb510291d44f0130,7268.0,68,0.058823529411764705,4.338235294117647,0.0005513986071281231,0.7420062513747363
0873d9f8f36123f8d910f4760e788cfb,7265.59,6,0.5,3.1666666666666665,0.000551215768569623,0.742557467143306
8648b1e89e9b349e32d3741b30ec737e,7228.75,93,0.10752688172043011,4.161290322580645,0.0005484208422230902,0.743105887985529
6a51fc556dab5f766ced6fbc860bc613,7217.87,24,0.08333333333333333,4.0,0.0005475954133780773,0.7436534833989071
cee48807215b30a12ca2ca10ffb5f250,7212.2300000000005,39,0.15384615384615385,3.769230769230769,0.000547167525631214,0.7442006509245384
d624126b9206f595fb3fbb6ba03b28a8,7198.8,23,0.043478260869565216,4.318181818181818,0.0005461486369006511,0.744746799561439
ade45994b717ccee333492330fbf037b,7196.0,10,0.0,4.5,0.0005459362103596552,0.7452927357717987
dbb9b48c841a0e39e21f98e1a6b2ec3e,7186.85,108,0.037037037037037035,4.268518518518518,0.000545242030770329,0.745837977802569
cc63f0dd2acba93ffed4fe9f8e0321fa,7096.71,55,0.0,4.090909090909091,0.0005384034134826943,0.7463763812160517
febab0275244b9a49a623f0bd613ca2f,7094.82,106,0.04716981132075472,4.443396226415095,0.000538260025567522,0.7469146412416192
54065e9aef7e9e9c2dc23b7594db021a,7079.0,12,0.0,4.333333333333333,0.0005370598156108948,0.7474517010572301
87e24fc7052259b1f7f607d61c10d8be,7073.59,7,0.14285714285714285,3.857142857142857,0.0005366493771870418,0.7479883504344171
d13e50eaa47b4cbe9eb81465865d8cfc,7073.05,66,0.21212121212121213,4.818181818181818,0.0005366084092112783,0.7485249588436285
014c0679dd340a0e338872e7ec85666a,7058.0,14,0.14285714285714285,3.857142857142857,0.0005354666165534249,0.7490604254601819
7722b1df1b0e383e000397b2c11e3e19,7046.6,133,0.03007518796992481,4.2272727272727275,0.0005346017370650842,0.749595027197247
f1fd5ab1181f827ffad998c1a5de7d74,7045.99,15,0.0,4.666666666666667,0.0005345554584257957,0.7501295826556729
dd55f1bb788714a40e7954c3be6df745,7041.759999999999,35,0.17142857142857143,3.742857142857143,0.0005342345426156482,0.7506638171982886
679769a98cfcc6da877c8486ff1c13f3,7029.0,21,0.0,4.571428571428571,0.0005332664845216809,0.7511970836828102
6fa9202c10491e472dffd59a3e82b2a3,7014.24,3,0.0,4.333333333333333,0.000532146693184145,0.7517292303759944
b8630e1121437d41cb08e3c749c2c2e2,6988.0,12,0.16666666666666666,4.333333333333333,0.0005301559530285256,0.7522593863290229
d98eec89afa3380e14463da2aabaea72,6968.53,168,0.023809523809523808,4.338323353293413,0.0005286788299023857,0.7527880651589253
30829ded4523ab9224b93bc49a62c95f,6911.71,18,0.05555555555555555,3.7777777777777777,0.0005243680884526031,0.7533124332473778
d9bd94811c3338dceb4181f3dbc0c73e,6911.02,54,0.1111111111111111,4.796296296296297,0.000524315740483572,0.7538367489878615
86bb7c4b535e49a541baf3266b1c95b1,6872.7,13,0.23076923076923078,2.9166666666666665,0.0005214085315367985,0.7543581575193983
36a968b544695394e4e9d7572688598f,6864.47,148,0.0472972972972973,3.7533783783783785,0.0005207841492395139,0.7548789416686378
b3b17aab11f273023a5f22ca52e1eb70,6850.0,7,0.14285714285714285,4.857142857142857,0.0005196863592222955,0.7553986280278601
58f1a6197ed863543e0136bdedb3fce2,6833.0,44,0.023809523809523808,4.181818181818182,0.0005183966266519627,0.755917024654512
5b67882648febfb6e1225e6ad7164f6b,6813.4800000000005,27,0.037037037037037035,4.0,0.0005169157101947337,0.7564339403647068
33dd941c27854f7625b968cc6195a552,6787.5,5,0.0,4.4,0.0005149446953607781,0.7569488850600675
40d54b51e962dbe09cabbcfd33298dee,6785.5599999999995,30,0.0,4.0,0.0005147975141145166,0.7574636825741821
ff1fb4c404b2efe68b03350a8dc24122,6771.0,46,0.15217391304347827,4.0,0.0005136928961013375,0.7579773754702834
54219883e72aad869adfb2a54b7bfa0f,6750.0,5,0.0,3.2,0.0005120996970438677,0.7584894751673273
e3b4998c7a498169dc7bce44e6bb6277,6735.0,1,0.0,5.0,0.0005109616977171036,0.7590004368650445
3340ef1913fb70d28420f6ceb685c339,6731.150000000001,32,0.09375,4.375,0.0005106696112232342,0.7595111064762677
455c5640e8c5bd1b2ee85c0158f85727,6729.5,8,0.0,4.5,0.00051054443129729,0.760021650907565
80ceebb4ee9b31afb6c6a916a574a1e2,6729.0,1,1.0,,0.000510506497986398,0.7605321574055515
abe021b01ba992245271b9aa422032df,6720.0,2,0.0,3.5,0.0005098236983903394,0.7610419811039418
31ae0774c17fabd06ff707cc5bde005f,6719.85,11,0.09090909090909091,4.0,0.0005098123183970718,0.7615517934223389
ececbfcff9804a2d6b40f589df8eef2b,6714.15,97,0.10309278350515463,4.11340206185567,0.0005093798786529014,0.7620611733009918
1127b7f2594683f2510f1c2c834a486b,6669.7,110,0.02727272727272727,4.1909090909090905,0.0005060076073145903,0.7625671809083063
33c51922b6e3c16b24a8f28e5833c99d,6657.87,18,0.05555555555555555,4.235294117647059,0.0005051101051788823,0.7630722910134852
b4ffb71f0cb1b1c3d63fad021ecf93e1,6635.69,143,0.02097902097902098,4.248251748251748,0.000503427383507707,0.7635757183969929
5670f4db5b62c43d542e1b2d56b0cf7c,6630.09,22,0.045454545454545456,4.409090909090909,0.0005030025304257152,0.7640787209274186
63b464dbf392c7b80d12d932fa7cafed,6622.0,36,0.05555555555555555,3.861111111111111,0.0005023887694554803,0.7645811096968741
609e1a9a6c2539919b8205cf7c4e6ff0,6595.23,87,0.022988505747126436,3.8117647058823527,0.0005003578199903152,0.7650814675168645
83e197e95a1bbabc8c75e883ed016c47,6574.1900000000005,46,0.021739130434782608,4.804347826086956,0.0004987615862679741,0.7655802291031324
aac29b1b99776be73c3049939652091d,6563.66,94,0.09574468085106383,4.172043010752688,0.0004979627107405856,0.7660781918138729
5d0363b33554b373851fc1622e4d5f3c,6548.79,93,0.08602150537634409,4.075268817204301,0.0004968345740746534,0.7665750263879476
751bdc4d83a466c7206cd42e8f426b03,6520.96,51,0.0196078431372549,3.938775510204082,0.000494723205990397,0.767069749593938
ee27a8f15b1dded4d213a468ba4eb391,6499.0,1,0.0,5.0,0.0004930571749760143,0.7675628067689141
e5e33c0d8e7e002f398f5dc4cbbb338f,6494.9,26,0.11538461538461539,4.576923076923077,0.0004927461218266988,0.7680555528907408
11305281b50fff20ae8bb473f8e11876,6483.71,34,0.11764705882352941,4.323529411764706,0.0004918971743289327,0.7685474500650697
282f23a9769b2690c5dda22e316f9941,6464.28,98,0.05102040816326531,4.36734693877551,0.0004904230858676641,0.7690378731509374
516e7738bd8f735ac19a010ee5450d8d,6463.19,74,0.05405405405405406,4.635135135135135,0.0004903403912499193,0.7695282135421874
4c03b9dd4c11ee2cb35c96c49efc9420,6458.6,48,0.020833333333333332,4.1063829787234045,0.0004899921634559295,0.7700182057056433
92eb0f42c21942b6552362b9b114707d,6416.41,334,0.08083832335329341,4.021084337349397,0.00048679135068285085,0.7705049970563261
376a891762bbdecbc02b4b6adec3fdda,6406.23,57,0.03508771929824561,4.666666666666667,0.0004860190284730869,0.7709910160847993
34056b8b55c1775a22af2331670a799c,6398.7,77,0.11688311688311688,4.038961038961039,0.0004854477528110513,0.7714764638376103
dbdd0ec73a4817971d962698f2fea022,6384.0,16,0.0625,4.375,0.00048433251347082247,0.7719607963510811
4b5f66b7adcf57f1ecc0d3c07dd6b177,6381.78,23,0.043478260869565216,4.090909090909091,0.0004841640895704614,0.7724449604406515
02f623a8eb246f3c5f7c2f96462654e6,6378.0,44,0.09090909090909091,4.558139534883721,0.0004838773137401168,0.7729288377543916
ff4ea69c2a729e83e63c7579e4ef8170,6368.0,8,0.0,5.0,0.000483118647522274,0.7734119564019138
fa1a9dec3a9940c072684a46728bf1fc,6364.3,52,0.0,4.117647058823529,0.0004828379410216722,0.7738947943429355
57e632711dec9ec14ca7546769483e7e,6350.06,62,0.0,4.419354838709677,0.00048175760032746415,0.7743765519432629
1da366cade6d8276e7d8beea7af5d4bf,6348.589999999999,42,0.11904761904761904,3.975609756097561,0.0004816460763934412,0.7748581980196564
bd4889b5e9133b35b66e42a8665cea5c,6271.9,36,0.0,4.4,0.00047582786516880504,0.7753340258848251
6b243f80ed07b10f0e8aa0f21a205f3c,6260.1,79,0.0379746835443038,4.265822784810126,0.0004749326390317506,0.7758089585238569
ea67327e24487bdfac5fbfa37ea124df,6250.18,32,0.03125,3.53125,0.0004741800421436506,0.7762831385660005
670c26e0f1bf8d0576271d5cfaec6d2b,6250.1,77,0.05194805194805195,4.311688311688312,0.00047417397281390787,0.7767573125388144
2528744c5ef5d955adc318720a94d2e7,6245.0,5,0.0,2.4,0.00047378705304280803,0.7772310995918572
eb3071b9f0b0ddaa2df5ea130f09f26b,6230.0,9,0.1111111111111111,4.555555555555555,0.0004726490537160439,0.7777037486455732
dee656f0f566ed1aa85bd137c943f08f,6212.08,92,0.05434782608695652,4.369565217391305,0.0004712895238536696,0.7781750381694269
989becdce12ebc39863c2bceab6f3ca1,6164.9,14,0.14285714285714285,4.928571428571429,0.0004677101366378874,0.7786427483060648
7dc8c42cc750eeafea6c85712ffee9bf,6160.68,40,0.05,4.2,0.0004673899794939578,0.7791101382855588
dfc5fb7259bb2b599ca565e6e9448f0f,6124.63,33,0.030303030303030304,4.121212121212121,0.0004646549877786346,0.7795747932733373
f12ff17ad8bbf01ec5c33b17e506649b,6101.0,28,0.10714285714285714,3.857142857142857,0.00046286225950587217,0.7800376555328432
d6b664fa0667064c6d76394e7848d790,6080.0,6,0.16666666666666666,4.833333333333333,0.00046126906044840235,0.7804989245932916
bacb1f0ed56ad24198f5810d2b3fe9a5,6078.05,38,0.02631578947368421,4.324324324324325,0.00046112112053592303,0.7809600457138275
8a32e327fe2c1b3511609d81aaf9f042,6071.13,125,0.032,3.9596774193548385,0.00046059612351317584,0.7814206418373406
6f892e20a171e98efe17fdb971ff319b,6049.0,41,0.0975609756097561,4.15,0.00045891719517308975,0.7818795590325137
ad781527c93d00d89a11eecd9dcad7c1,6039.63,38,0.3157894736842105,3.3421052631578947,0.0004582063249269711,0.7823377653574407
2c9e548be18521d1c43cde1c582c6de8,6013.56,124,0.16129032258064516,4.131147540983607,0.000456228482097055,0.7827939938395377
ba143b05f0110f0dc71ad71b4466ce92,5998.7,83,0.1566265060240964,4.457831325301205,0.00045510110409734063,0.783249094943635
9baf5cb77970f539089d09a38bcec5c3,5989.68,31,0.0,4.419354838709677,0.0004544167871688465,0.7837035117308039
f4c4daa86e30c7e5a553a8d518ac03a5,5984.3099999999995,18,0.05555555555555555,4.0,0.00045400938340986485,0.7841575211142138
bba74270a87732727b5a3b4fd9ac1c39,5964.6,35,0.0,4.057142857142857,0.00045251405229449686,0.7846100351665083
37515688008a7a40ac93e3b2e4ab203f,5954.1,227,0.1013215859030837,4.102222222222222,0.0004517174527657619,0.785061752619274
26d8a1c7c75d513045798992ead43aa2,5937.13,34,0.08823529411764706,4.411764705882353,0.00045042999619408276,0.7855121826154681
8e6cc767478edae941d9bd9eb778d77a,5929.35,100,0.08,4.071428571428571,0.00044983975387660107,0.7859620223693446
6a8b085f816a1f75f92dbac6eb545f8f,5884.17,125,0.096,4.172,0.0004464120999043874,0.786408434469249
0691148aee60ca47977c187804f935ae,5868.51,47,0.02127659574468085,4.180851063829787,0.0004452240286072457,0.7868536584978563
f84a00e60c73a49e7e851c9bdca3a5bb,5849.24,88,0.11363636363636363,3.897727272727273,0.00044376207880546264,0.7872974205766617
688756f717c462a206ad854c5027a64a,5837.67,81,0.08641975308641975,3.8875,0.0004428843019914186,0.7877403048786532
2fdde51ad3e12f297da656d4fbd5d0b5,5803.0,9,0.0,4.777777777777778,0.0004402540062141577,0.7881805588848674
02d35243ea2e497335cd0f076b45675d,5794.0,14,0.35714285714285715,2.642857142857143,0.0004395712066180992,0.7886201300914855
0bf0150d5b9d60d9cd2906003332f085,5774.6,39,0.20512820512820512,3.789473684210526,0.00043809939415548425,0.789058229485641
05d2173d43ea568aa0540eba70d2ca76,5759.66,62,0.06451612903225806,4.183333333333334,0.00043696594682602713,0.789495195432467
f46490624488d3ff7ce78613913a7711,5690.95,80,0.125,3.7625,0.00043175315124322947,0.7899269485837103
a63bfbaa882c8f4542891b4e2246cc7f,5682.0,6,0.16666666666666666,5.0,0.00043107414497826023,0.7903580227286885
91f848e9f4be368f4318775aac733370,5668.61,60,0.03333333333333333,4.396551724137931,0.00043005829091256876,0.7907880810196011
52ac6f920b7280e4c6d30dd94de6259b,5657.3,6,0.0,3.6666666666666665,0.0004292002394201886,0.7912172812590212
9616352088dcf83a7c06637f4ebf1c80,5643.099999999999,91,0.0,4.34065934065934,0.0004281229333908518,0.7916454041924121
e8b4225284fbb02d16f200513f1f395d,5638.62,30,0.1,4.3,0.0004277830509252583,0.7920731872433374
080102cd0a76b09e0dcf55fcacc60e05,5612.65,122,0.040983606557377046,4.516393442622951,0.0004258127947575206,0.7924990000380949
d63c73efd41eb002280e7ec831424edb,5598.0,2,0.0,4.0,0.00042470134874838096,0.7929237013868433
8c16d1f32a54d92897cc437244442e1b,5529.83,105,0.009523809523809525,4.336538461538462,0.00041952952114134685,0.7933432309079846
f181738b150df1f37cb0bd72e705b193,5529.7,36,0.1111111111111111,4.472222222222222,0.0004195196584805149,0.7937627505664652
04aa0a1c5ce6b222003403a3e11c3cc0,5518.0,11,0.18181818181818182,4.090909090909091,0.00041863201900563886,0.7941813825854708
cc3d14116804f7209f3884f6367f1152,5477.8,27,0.037037037037037035,4.62962962962963,0.00041558218080991094,0.7945969647662807
94e93ce877be27a515118dbfd2c2be41,5436.58,29,0.0,4.035714285714286,0.000412454958659963,0.7950094197249407
b14db04aa7881970e83ffa9426897925,5399.9,75,0.12,3.8333333333333335,0.00040967217097291576,0.7954190918959135
3f0e48d209018b466fcd3bb4ccfeb520,5399.0,9,0.0,3.888888888888889,0.00040960389101330993,0.7958286957869268
c4af86330efa7a2620772227d2d670c9,5396.0,4,0.0,4.333333333333333,0.00040937629114795707,0.7962380720780748
e2aee0892199b1d92530e371abd825bf,5392.77,36,0.1388888888888889,3.888888888888889,0.00040913124195959393,0.7966472033200345
3ade81dab5a172b88e1871c28ae05260,5383.6,28,0.14285714285714285,4.185185185185185,0.0004084355450378321,0.7970556388650722
23c38debaffe4a25a30fdbd9b586a13f,5382.18,41,0.14634146341463414,4.317073170731708,0.0004083278144348984,0.7974639666795071
83deb69e889cf80f82be1dc6d5f2d486,5363.01,40,0.05,4.325,0.0004068734512952938,0.7978708401308025
2a261b5b644fa05f4f2700eb93544f2c,5355.0,51,0.19607843137254902,3.8627450980392157,0.00040626575965480174,0.7982771058904573
817245bcc3badd82bbd222e0366951a6,5345.6,28,0.03571428571428571,4.111111111111111,0.0004055526134100296,0.7986826585038673
e62b2d6ac10570a035a30bafcf01d263,5340.39,62,0.12903225806451613,3.9661016949152543,0.0004051573483105335,0.7990878158521778
916c9de0b5ad957346eeeb12f332687e,5336.5,22,0.0,4.545454545454546,0.00040486222715179263,0.7994926780793296
a4b6b9b992b46e9ef863637af96e04bc,5293.0,6,0.16666666666666666,3.6666666666666665,0.0004015620291041766,0.7998942401084337
b6d44737c043328708f6749c2dbe50bd,5284.6,61,0.06557377049180328,4.524590163934426,0.0004009247494811887,0.8002951648579149
e06f09ec0a4aca210779cf1cfc63cf19,5279.49,29,0.06896551724137931,3.9482758620689653,0.000400537071043871,0.8006957019289587
02ecc2a19303f05e59ce133fd923fff7,5264.1900000000005,21,0.0,4.619047619047619,0.0003993763117305716,0.8010950782406893
e9c6969d40e6a3d2d0f90013165c2b98,5239.98,10,0.0,4.4,0.0003975395808171742,0.8014926178215064
5bffbafbb22daf6d3bfc216a46db8708,5239.7,21,0.0,4.761904761904762,0.0003975183381630746,0.8018901361596694
4d0041cdbe51b4617d95c70b19decc74,5235.200000000001,8,0.0,4.5,0.00039717693836504545,0.8022873130980345
3be634553519fb6536a03e1358e9fdc7,5231.02,80,0.0875,4.025,0.00039685981588598714,0.8026841729139205
f680f85bee2d253556ac91be391d2c82,5183.92,45,0.022222222222222223,4.333333333333333,0.00039328649799994766,0.8030774594119204
822bad9bc42b51213ba522fe87b7ab5d,5160.0,18,0.2777777777777778,4.111111111111111,0.00039147176840686776,0.8034689311803273
709e16e2b25c7474d980076c6bfc4806,5151.9,60,0.03333333333333333,4.516666666666667,0.0003908572487704151,0.8038597884290977
d566c37fa119d5e66c4e9052e83ee4ea,5145.7,65,0.03076923076923077,4.6875,0.0003903868757153526,0.804250175304813
fad44952713764836814be105382aee5,5129.0,32,0.03125,4.28125,0.0003891199031315552,0.8046392952079445
4917cee8d902e13428c3ec4b1ca6f315,5103.9,31,0.03225806451612903,4.161290322580645,0.0003872156509247698,0.8050265108588693
45ba18c210d42734ec52c0c1c574e9ee,5099.44,35,0.05714285714285714,4.114285714285714,0.00038687728579161194,0.8054133881446609
b39d7fe263ef469605dbb32608aee0af,5063.2,43,0.046511627906976744,3.9285714285714284,0.0003841278794181498,0.805797516024079
67bf6941ba2f1fa1d02c375766bc3e53,5062.0,15,0.13333333333333333,4.333333333333333,0.00038403683947200865,0.806181552863551
0cbcee27c791afa0cdcb08587a2013a8,5054.15,37,0.10810810810810811,4.0,0.0003834412864910021,0.806564994150042
e067ad2c1c0b48758eb1b5228bcf7a68,5042.55,54,0.09259259259259259,4.148148148148148,0.0003825612336783045,0.8069475553837203
afe0067131b73e40875c9b6c10bd2e21,5040.5,45,0.044444444444444446,4.2727272727272725,0.00038240570710364674,0.807329961090824
3df020b72d3d44b3af9d110fa3940b65,5039.9,55,0.12727272727272726,4.054545454545455,0.0003823601871305761,0.8077123212779546
e0878efa0e0b7e5313ac0b43bc04c081,5025.4,26,0.19230769230769232,3.6153846153846154,0.0003812601211147041,0.8080935813990693
575df70bde3f9f2b30bf8d2e9910d725,5010.25,26,0.07692307692307693,4.038461538461538,0.00038011074179467236,0.808473692140864
099095b050cfe8eb1ddff5317587e96e,5003.84,16,0.1875,3.375,0.00037962443674903517,0.808853316577613
4bf2f4ee540798a61f9636d12cd9cc80,4995.56,29,0.034482758620689655,4.137931034482759,0.0003789962611206614,0.8092323128387336
f84fa566034f5e8e880a07ec624c56af,4993.91,89,0.1348314606741573,4.247191011235955,0.00037887108119471726,0.8096111839199284
835f0f7810c76831d6c7d24c7a646d4d,4990.200000000001,42,0.30952380952380953,3.357142857142857,0.00037858961602789767,0.8099897735359562
45213867cefbf2cd4c6177e10216a951,4955.42,14,0.14285714285714285,3.857142857142857,0.00037595097492224043,0.8103657245108785
9674754b5a0cb32b638cec001178f799,4941.7300000000005,84,0.03571428571428571,4.107142857142857,0.00037491236087001375,0.8107406368717486
dbd66278cbfe1aa1000f90a217ca4695,4928.9,85,0.058823529411764705,4.5058823529411764,0.0003739389921125214,0.8111145758638612
e9d99831abad74458942f21e16f33f92,4922.4800000000005,130,0.1076923076923077,3.9302325581395348,0.0003734519284006664,0.8114880277922618
3ab971ce71839580d2ae5b4e40fe8044,4917.0,35,0.08571428571428572,3.911764705882353,0.00037303617931328854,0.8118610639715751
503c1de08ae81a2d86f17951b204db55,4906.99,22,0.09090909090909091,4.409090909090909,0.0003722767544292279,0.8122333407260043
1bb2bdb95f4841f1bba2c0d2cd83d3c9,4905.76,79,0.0759493670886076,4.628205128205129,0.0003721834384844333,0.8126055241644887
f67efa3f0b6761102a7f8c6b7b571f5d,4898.7,29,0.0,4.586206896551724,0.00037164782013463627,0.8129771719846234
f789d2c4f2c2eb38fc4373e7a4b35264,4864.24,44,0.045454545454545456,4.159090909090909,0.0003690334563479501,0.8133462054409714
0d85bbda9889ce1f7e63778d24f346eb,4845.2,51,0.11764705882352941,4.2,0.00036758895586917745,0.8137137943968406
1336efc61c316ddf92c899eb817f7cae,4837.31,74,0.0945945945945946,4.0,0.00036699036822329954,0.8140807847650638
ce69a8021d18961dd2a40269b7c2c293,4818.0,19,0.10526315789473684,4.473684210526316,0.0003655253837566452,0.8144463101488205
abcd2cb37d46c2c8fb1bf071c859fc5b,4817.32,44,0.045454545454545456,4.318181818181818,0.0003654737944538318,0.8148117839432744
8f580d36c1e9d6fbce95283403c7d447,4813.25,8,0.125,4.375,0.00036516501730316983,0.8151769489605776
c12b92bf1c350f3e6bf88d3596219c86,4808.78,17,0.058823529411764705,3.8823529411764706,0.0003648258935037941,0.8155417748540814
f6122bc84774df1b372bdb3bb88ddb9f,4799.87,3,0.3333333333333333,3.6666666666666665,0.0003641499219036962,0.8159059247759851
2a7dc43cecabf23403078e2188437d1d,4795.91,52,0.07692307692307693,4.096153846153846,0.0003638494900814305,0.8162697742660665
fcdd820084f17e9982427971e4e9d47f,4783.99,16,0.125,3.9375,0.00036294515994976187,0.8166327194260162
cfa5ab0e4d3fc212fd0b3410e7081c62,4780.81,15,0.0,3.8666666666666667,0.0003627039040924879,0.8169954233301088
c35affa65afd250151285c5917fc1c8a,4779.92,8,0.125,4.25,0.0003626363827990999,0.8173580597129079
dfa0c4c6229ab200a4a1336b4d7128ff,4777.1,77,0.03896103896103896,4.0,0.00036242243892566827,0.8177204821518336
acce39e832338debb07b02385cde5967,4748.1,44,0.0,4.4772727272727275,0.0003602223068939242,0.8180807044587275
30a2f535bb48308f991d0b9ad4a8c4bb,4731.3,71,0.028169014084507043,4.28169014084507,0.00035894774764794836,0.8184396522063755
f7496d659ca9fdaf323c0aae84176632,4717.679999999999,24,0.08333333333333333,4.541666666666667,0.00035791444425924644,0.8187975666506347
ad420dd0c4f92f8af951ac24b86d0cf5,4705.29,42,0.07142857142857142,4.125,0.00035697445681533933,0.8191545411074501
582d4f8675b945722eda7c0cb61ba4c7,4702.96,59,0.01694915254237288,4.1525423728813555,0.00035679768758658197,0.8195113387950367
0307f7565ff85b299b6e5ef162b1b1a9,4695.0,5,0.0,3.8,0.00035619378927717913,0.8198675325843139
968268a686aa05d1f529fb07dff08130,4677.29,12,0.0,3.5,0.0003548501914053796,0.8202223827757192
8931a84a914b3fe9b1ddaa4d704947ca,4668.3,29,0.06896551724137931,4.071428571428571,0.00035416815047553896,0.8205765509261947
b2479f944e1b90cf8a5de1bbfde284d6,4666.53,101,0.13861386138613863,3.5,0.00035403386655498073,0.8209305847927497
1a932caad4f9d804097d7f8e615baed1,4661.0,20,0.2,3.9,0.0003536143241365137,0.8212841991168862
7e3f87d16fb353f408d467e74fbd8014,4653.09,91,0.12087912087912088,4.164835164835165,0.00035301421915820007,0.8216372133360444
0176f73cc1195f367f7b32db1e5b3aa8,4643.2,37,0.10810810810810811,4.108108108108108,0.00035226389826875355,0.8219894772343131
ef990a83bbea832f36ebe81376335aa8,4642.59,43,0.2558139534883721,3.627906976744186,0.0003522176196294652,0.8223416948539426
537eb890efff034a88679788b647c564,4617.9,158,0.056962025316455694,4.237341772151899,0.00035034447273761136,0.8226920393266802
a3dd39f583bc80bd8c5901c95878921e,4607.81,34,0.029411764705882353,4.588235294117647,0.00034957897852380806,0.8230416183052041
9add47bf45ce8e8c7db6b9cf670b1e09,4606.4400000000005,41,0.024390243902439025,4.225,0.0003494750412519636,0.823391093346456
06579cb253ecd5a3a12a9e6eb6bf8f47,4587.400000000001,61,0.13114754098360656,4.131147540983607,0.00034803054077319097,0.8237391238872291
31da954dc0855f2495c6310f70a2f931,4583.0,29,0.10344827586206896,4.206896551724138,0.0003476967276373401,0.8240868206148665
4c498c7345e89aebad651544829beca0,4570.27,47,0.1276595744680851,4.276595744680851,0.0003467309455420263,0.8244335515604085
5b179e9e8cc7ab6fd113a46ca584da81,4554.1,30,0.1,3.896551724137931,0.00034550418226777455,0.8247790557426763
2addf05f476d0637864454e93ba673d5,4552.0,12,0.0,5.0,0.0003453448623620275,0.8251244006050383
c68fb906c8f4b4b946d8386bfa6e5467,4541.16,45,0.022222222222222223,4.5227272727272725,0.000344522468181886,0.8254689230732202
1fe5540d7c1c37a595fefbacd5570d9e,4537.6,20,0.05,4.3,0.000344252383008334,0.8258131754562285
37dd29b36c458d82f74a953c40c43645,4536.99,7,0.14285714285714285,3.857142857142857,0.00034420610436904553,0.8261573815605975
13fa2a6c6b9d0f43cb588d7c82117a12,4528.0,9,0.3333333333333333,4.111111111111111,0.0003435240634392049,0.8265009056240367
c840d3fdbba0790404fdae73d253b253,4522.280000000001,9,0.0,3.5555555555555554,0.0003430901063625989,0.8268439957303992
180c3376aff0e43dd5788709df48a843,4513.0,5,0.2,4.4,0.00034238606411244075,0.8271863817945116
b561927807645834b59ef0d16ba55a24,4501.99,85,0.1411764705882353,4.341176470588235,0.00034155077260659587,0.8275279325671182
45d33f715e24d15a6ccf5c17b3a23e3c,4482.0,55,0.07272727272727272,4.163636363636364,0.0003400341988371282,0.8278679667659553
55d3daac7c404d59e51c2aa2f4dc5a23,4480.6,21,0.0,4.095238095238095,0.0003399279855666302,0.8282078947515219
b4a476fbd28de64b1e347abf9089366a,4479.04,30,0.1,4.137931034482759,0.00033980963363664673,0.8285477043851586
e81e1f9c3e762e620f3fb60a51499e16,4465.99,17,0.058823529411764705,4.0,0.0003388195742223619,0.8288865239593809
8bd0f31cf0a614c658f6763bd02dea69,4455.34,33,0.030303030303030304,4.28125,0.00033801159470035936,0.8292245355540813
b90e891671cffd9557f33a97dc523645,4449.0,34,0.0,4.323529411764706,0.00033753060031824705,0.8295620661543995
bbad7e518d7af88a0897397ffdca1979,4426.32,68,0.16176470588235295,3.1791044776119404,0.0003358099453361796,0.8298978760997358
d379f449f2a3b271bc01c0782020f705,4423.06,28,0.03571428571428571,3.892857142857143,0.00033556262014916295,0.8302334387198849
0ef83d7d83ed97cd2a0049ac8be5f88a,4421.01,48,0.020833333333333332,4.148936170212766,0.00033540709357450516,0.8305688458134594
fc906263ca5083d09dce42fe02247800,4417.9,112,0.0,4.392857142857143,0.000335171148380756,0.8309040169618401
f021c962aaba8ef6eb527a9c2c8394d1,4398.5,5,0.0,4.2,0.0003336993359181411,0.8312377162977582
beadbee30901a7f61d031b6b686095ad,4373.98,64,0.25,3.90625,0.00033183908635199056,0.8315695553841103
15aac934c58d886785ac1b17953ea898,4353.9,25,0.12,4.24,0.0003303156845865623,0.8318998710686968
eed78ac17f7f795a19a709745f00cd4e,4349.5,22,0.0,3.772727272727273,0.00032998187145071153,0.8322298529401475
a3f0b55de503387383c7b1de3ad7f678,4348.400000000001,24,0.041666666666666664,4.416666666666667,0.00032989841816674886,0.8325597513583143
c500367424994318b9e779ff1ae9a330,4346.4,9,0.1111111111111111,3.7777777777777777,0.00032974668492318025,0.8328894980432374
2ff97219cb8622eaf3cd89b7d9c09824,4339.1,87,0.05747126436781609,4.540229885057471,0.00032919285858415507,0.8332186909018215
9df5750209b83567ec144eb299d7d634,4327.0,10,0.1,3.9,0.0003282748724605653,0.8335469657742821
834f8533b2ecb6598dd004ff3de7203a,4324.349999999999,41,0.14634146341463414,3.951219512195122,0.00032807382591283694,0.8338750396001949
9803a40e82e45418ab7fb84091af5231,4278.75,11,0.0,3.727272727272727,0.00032461430795947393,0.8341996539081544
282c7480173bb9c01dd41cc739fec010,4274.2,5,0.2,4.0,0.0003242691148303555,0.8345239230229847
cc5a78bbad32776dc4e3af205218368c,4269.18,33,0.030303030303030304,4.454545454545454,0.0003238882643889984,0.8348478112873737
1fdc574883ef3b33ad41562d93f3a74a,4251.0,18,0.05555555555555555,4.444444444444445,0.00032250900920496027,0.8351703202965787
43f8c9950d11ecd03a0304a49e010da6,4249.59,41,0.07317073170731707,4.560975609756097,0.00032240203726824443,0.835492722333847
9b1585752613ec342d03bbab9997ec48,4248.98,3,0.0,3.6666666666666665,0.000322355758628956,0.8358150780924759
3c03b12bab54d8b37d79d914bfdb1aa0,4236.34,37,0.16216216216216217,3.8333333333333335,0.00032139680452960277,0.8361364748970055
8a130737016f838139d31878787a39c9,4222.03,56,0.07142857142857142,4.446428571428571,0.00032031115317186976,0.8364567860501774
6288c69c4ce638e59925e59193f98b16,4196.8,20,0.05,4.25,0.0003183970383042525,0.8367751830884816
8bb48dc19fccaa8613b6229bf7f452a2,4190.72,82,0.024390243902439025,4.414634146341464,0.00031793576924380406,0.8370931188577254
23613d49c3ac2bd302259e55c06c050c,4177.2,68,0.14705882352941177,3.8507462686567164,0.0003169100525172806,0.8374100289102427
b19f3ca2ea475913750f25a5c37c8d8f,4174.16,19,0.3157894736842105,3.263157894736842,0.0003166794179870564,0.8377267083282298
5c030029b5916fed0986310385ec9009,4164.4,7,0.0,4.857142857142857,0.00031593895975844187,0.8380426472879883
bccf933e006e9b94a6184af782963e77,4162.74,45,0.022222222222222223,4.5227272727272725,0.00031581302116627996,0.8383584603091545
f76a3b1349b6df1ee875d1f3fa4340f0,4160.79,24,0.375,3.4583333333333335,0.00031566508125380064,0.8386741253904083
8b9d6eec4a7eb7d0f9d579ce0b38324d,4159.55,48,0.16666666666666666,4.0625,0.00031557100664278816,0.8389896963970511
cd6efc47efaabf134f8bdb654e10b4f1,4158.55,31,0.0967741935483871,4.483870967741935,0.0003154951400210039,0.8393051915370722
6fc26fe110feebd80a433e1f012a84f9,4150.87,35,0.11428571428571428,3.911764705882353,0.00031491248436570063,0.8396201040214378
65febd49fd28ec955651299159b1f527,4136.71,33,0.06060606060606061,4.454545454545454,0.0003138382130012353,0.8399339422344391
681fce914360217db47784ae28905a96,4127.33,23,0.13043478260869565,4.0,0.00031312658408889877,0.840247068818528
d66c305afaec317ebee552073a674429,4126.59,38,0.02631578947368421,4.473684210526316,0.0003130704427887784,0.8405601392613168
98dac6635aee4995d501a3972e047414,4115.75,89,0.0898876404494382,4.1477272727272725,0.00031224804860863686,0.8408723873099254
e883aa812c37a7413226856f4579fe91,4097.1,26,0.038461538461538464,4.153846153846154,0.0003108331361123601,0.8411832204460378
2a167ca73899c85001a837d8fb4962f6,4097.0,2,0.0,4.5,0.0003108255494501817,0.8414940459954879
42b729f859728f5079499127a9c2ef37,4096.96,103,0.07766990291262135,4.480392156862745,0.0003108225147853103,0.8418048685102733
99002261c568a84cce14d43fcffb43ea,4088.0,36,0.08333333333333333,3.7222222222222223,0.00031014274985412314,0.8421150112601273
6b3bd31ad8fcda4b2635ec9f3ff2ecdf,4063.9,35,0.08571428571428572,4.085714285714285,0.0003083143642691221,0.8424233256243965
f35b3c613c4f7b2275f4185d0a3c59ec,4047.25,9,0.2222222222222222,4.555555555555555,0.0003070511850164139,0.8427303768094129
715bbd5ba4e6b74cb0d2f29eb45058b0,4043.3,62,0.08064516129032258,4.467741935483871,0.000306751511860366,0.8430371283212732
382229d1e840115ffe3dbf5ff460e417,4037.06,45,0.1111111111111111,4.266666666666667,0.0003062781041404321,0.8433434064254136
e70053bf73d1b5863932e53a9fa47496,4025.0,7,0.0,4.285714285714286,0.00030536315268171375,0.8436487695780953
3c7c4a49ec3c6550809089c6a2ca9370,4002.75,139,0.07913669064748201,3.6906474820143886,0.00030367512034701355,0.8439524446984423
55a5b51f93f2b70ea513f5a047b0262a,4002.3,39,0.07692307692307693,4.461538461538462,0.0003036409803672107,0.8442560856788095
6ec1a01e866584bb679eb9b098345919,3998.9100000000003,30,0.2,4.241379310344827,0.000303383792519362,0.8445594694713289
951e8cef368f09bb3f3d03c00ca4702c,3993.31,62,0.08064516129032258,4.133333333333334,0.00030295893943737,0.8448624284107662
6b333a05bf188ef3e1f1662a86bd9855,3990.91,12,0.08333333333333333,4.333333333333333,0.0003027768595450877,0.8451652052703112
bede56095ba33c42038fb85f707b8a42,3973.9,2,0.0,4.5,0.0003014863683085372,0.8454666916386198
50c9975695009e5e6473912e83a6d1da,3964.4,50,0.14,3.938775510204082,0.0003007656354015866,0.8457674572740214
ec8879960bd2221d5c32f8e12f7da711,3957.5,35,0.17142857142857143,4.294117647058823,0.000300242155711275,0.8460676994297326
bf3c6d2a28b2b5501e6c15448982dcc9,3956.5,35,0.02857142857142857,4.6,0.0003001662890894908,0.846367865718822
3f995f07c49d0d55a99d5c54957f7d81,3955.7,43,0.023255813953488372,4.209302325581396,0.00030010559579206336,0.8466679713146141
81f89e42267213cb94da7ddc301651da,3955.0,46,0.0,3.6739130434782608,0.00030005248915681437,0.8469680238037709
11bfa66332777660bd0640ee84d47006,3925.87,76,0.15789473684210525,3.8947368421052633,0.00029784249446423837,0.8472658662982351
d20b021d3efdf267a402c402a48ea64b,3922.3,86,0.1744186046511628,3.7529411764705882,0.00029757165062446853,0.8475634379488596
fde0cc9ea29c8ccfc0a2c22256a58c71,3922.0,35,0.02857142857142857,4.485714285714286,0.0002975488906379332,0.8478609868394975
7f152321c60a266edc53af1925ef96c1,3919.8,20,0.3,3.8,0.0002973819840700078,0.8481583688235675
d5ba419e26d246a0719437cf37d9b46d,3911.5,33,0.12121212121212122,4.0,0.00029675229110919833,0.8484551211146767
d673a59aac7a70d8b01e6902bf090a11,3908.94,79,0.10126582278481013,3.911392405063291,0.0002965580725574306,0.8487516791872342
79ed755314cfe6df0daef2c6cd3022cd,3907.5,23,0.0,4.7272727272727275,0.0002964488246220612,0.8490481280118563
3361277dc30b7cccdb0c286b24219756,3905.05,29,0.06896551724137931,4.344827586206897,0.00029626295139868975,0.849344390963255
f00e21b1e91a79653163b7fd8f293ff1,3900.09,31,0.03225806451612903,4.1,0.0002958866529546397,0.8496402776162096
14d7985702e72162bbf13b6beb74ab2b,3887.0,37,0.13513513513513514,4.324324324324325,0.00029489355887548355,0.8499351711750851
02f5837340d7eb4f653d676c7256523a,3883.05,30,0.03333333333333333,4.833333333333333,0.0002945938857194357,0.8502297650608045
8090490573c6c0aa343a7231ebcb8c86,3871.1200000000003,26,0.07692307692307693,4.1923076923076925,0.00029368879692154927,0.8505234538577261
1b938a7ec6ac5061a66a3766e0e75f90,3859.8,29,0.034482758620689655,4.413793103448276,0.00029282998676295123,0.850816283844489
42fa4ee7240e9b8eb4576358ec142ba7,3845.7,22,0.0,4.809523809523809,0.0002917602673957929,0.8511080441118848
8ed8ea9a57c862f2c18c2fe41f601d56,3831.9,19,0.0,4.473684210526316,0.0002907133080151699,0.8513987574199
d12c926d74ceff0a90a21184466ce161,3831.38,75,0.013333333333333334,4.36,0.00029067385737184206,0.8516894312772718
6860153b69cc696d5dcfe1cdaaafcf62,3827.63,74,0.0945945945945946,4.095890410958904,0.000290389357540151,0.8519798206348119
232a6014e7b10cba61c6c2b2ea6bb4b0,3819.9700000000003,32,0.0625,4.15625,0.0002898082192172835,0.8522696288540292
2e13c71026e1a39ba5cc1b86dcb679aa,3793.0,24,0.08333333333333333,4.375,0.00028776209642776156,0.852557390950457
cb41bfbcbda0aea354a834ab222f9a59,3792.0,11,0.36363636363636365,3.272727272727273,0.00028768622980597725,0.852845077180263
6a0cbc8af2e8abd1bdfb777943d174c6,3788.15,34,0.08823529411764706,4.03030303030303,0.0002873941433121078,0.8531324713235752
3f3486b61f45078d4f31ee5e43d8c5bb,3769.73,39,0.15384615384615385,4.333333333333333,0.0002859966801388414,0.853418468003714
2199e7fe213c16213bf5d6a7eadc9a5d,3767.29,24,0.041666666666666664,4.375,0.0002858115655816878,0.8537042795692957
f0b47fbbc6dee9aafe415a6e33051b3f,3766.92,67,0.1044776119402985,4.253731343283582,0.0002857834949316276,0.8539900630642273
7d76b645482be4a332374e8223836592,3765.74,172,0.11627906976744186,4.0,0.00028569397231792214,0.8542757570365452
891071be6ba827b591264c90c2ae8a63,3763.35,85,0.17647058823529413,3.9529411764705884,0.0002855126510918577,0.8545612696876371
5d9dc90a686a8fddacffab6bab5653a3,3761.94,12,0.08333333333333333,4.166666666666667,0.0002854056791551419,0.8548466753667923
edf96ef93ed595084bbcbd9224bd2894,3757.0,25,0.12,3.88,0.0002850308980435276,0.8551317062648358
2d2c62bef4c8ba0dd74e0e228e808539,3749.0,16,0.125,4.125,0.00028442396506925336,0.855416130229905
1d0997ff06b524ce9289ffd75114ecd3,3747.0,3,0.3333333333333333,3.6666666666666665,0.0002842722318256848,0.8557004024617307
3c4e0452bff7a2a788179488d3d77032,3746.4,32,0.03125,3.838709677419355,0.00028422671185261423,0.8559846291735833
eb4df17aed01d918c65f0f8d650900c0,3739.87,11,0.2727272727272727,3.909090909090909,0.0002837313028123629,0.8562683604763957
13d058e4eeac2ce8217660b2f8a05812,3739.78,22,0.13636363636363635,4.181818181818182,0.00028372447481640235,0.856552084951212
77e4abfd739aed9c46480f90f81c0eb4,3736.99,18,0.0,4.777777777777778,0.0002835128069416242,0.8568355977581537
cac4c8e7b1ca6252d8f20b2fc1a2e4af,3728.2,73,0.2328767123287671,3.576388888888889,0.0002828459393361404,0.8571184436974898
23a0ffca143a15b9b5bbdb7d552f626a,3718.51,23,0.13043478260869565,3.9130434782608696,0.00028211079177105076,0.8574005544892609
822166ed1e47908f7cfb49946d03c726,3714.83,69,0.014492753623188406,3.985294117647059,0.0002818316026028846,0.8576823860918638
ec80e49e69745ab6c14f984bf2149423,3709.0,12,0.16666666666666666,4.0,0.0002813893001978823,0.8579637753920616
a44fb5a447105f8469bdf16bf9159f25,3706.1,19,0.2631578947368421,4.052631578947368,0.0002811692869947079,0.8582449446790563
520b493b57809f446cb0a233bb3e25c7,3698.9,63,0.031746031746031744,4.2936507936507935,0.0002806230473178611,0.8585255677263742
c0563dd588b775f2e37747ef6ad6c92c,3697.2000000000003,28,0.10714285714285714,4.357142857142857,0.00028049407406082784,0.8588060618004351
0509040ea3fe50071181bbc359eb7738,3689.35,87,0.06896551724137931,4.476744186046512,0.00027989852107982127,0.8590859603215149
5f5b43b2bffa8656e4bc6efeb13cc649,3677.2,27,0.037037037037037035,4.407407407407407,0.00027897674162514227,0.85936493706314
2745f798279e0ed033addcc1474776d7,3668.53,32,0.09375,3.967741935483871,0.00027831897801427265,0.8596432560411542
c731d18cea9bf687ffee82a241c25b11,3662.0,24,0.0,4.217391304347826,0.0002778235689740213,0.8599210796101282
33ac3e28642ab8bda860a2f693000e78,3661.03,34,0.0,4.205882352941177,0.0002777499783508906,0.860198829588479
8b2492b7ff4468839593fafeed55bad9,3660.08,29,0.06896551724137931,4.172413793103448,0.00027767790506019545,0.8604765074935392
7f2617c58d5d06806987308b45654351,3656.8,22,0.09090909090909091,3.8181818181818183,0.0002774290625407431,0.8607539365560799
5d3bb11474a06bdc23fb9e89f1164ee0,3654.6,31,0.03225806451612903,3.903225806451613,0.00027726215597281763,0.8610311987120527
f97e2b0650c2068227e1d366140eb62f,3654.0,16,0.0625,4.0,0.00027721663599974706,0.8613084153480525
6bb0724edf0b62fb91ac404873a97241,3653.0,17,0.17647058823529413,4.466666666666667,0.0002771407693779628,0.8615855561174305
ed4311e67debd72b8610a5347a743087,3636.0,25,0.08,4.625,0.0002758510368076301,0.8618614071542381
1eade46fba20122dc4aefb379f8c636b,3635.37,58,0.13793103448275862,4.431034482758621,0.000275803240835906,0.862137210395074
e49c26c3edfa46d227d5121a6b6e4d37,3624.35,34,0.0,4.5588235294117645,0.00027496719066384326,0.8624121775857378
38e679b9e0064cd94c6f035707344dae,3599.25,26,0.038461538461538464,4.08,0.0002730629384570579,0.8626852405241949
271c58a1d139c45eaf3316107c6d3a3b,3597.63,27,0.07407407407407407,4.185185185185185,0.0002729400345297674,0.8629581805587248
3364a91ec4d56c98e44174de954b94f6,3579.94,6,0.0,3.8333333333333335,0.00027159795399040354,0.8632297785127152
8f119a0aee85c0c8fc534629734e94fd,3578.88,75,0.05333333333333334,4.28,0.0002715175353713122,0.8635012960480866
99a54764c341d5dc80b4a8fac4eba3fb,3578.7599999999998,44,0.20454545454545456,3.6744186046511627,0.0002715084313766981,0.8637728044794633
3c010235b7345c92f125d14ee232a76b,3578.0,15,0.0,4.666666666666667,0.000271450772744142,0.8640442552522074
f2336e113377dd21c744d9c4fc8293a9,3563.0,4,0.0,4.25,0.00027031277341737787,0.8643145680256248
602044f2c16190c2c6e45eb35c2e21cb,3559.17,48,0.1875,3.276595744680851,0.0002700222042559441,0.8645845902298808
218f991754f360af9c2daa5e0b8e990c,3554.32,14,0.14285714285714285,3.642857142857143,0.0002696542511402904,0.8648542444810211
585175ec331ea177fa47199e39a6170a,3549.0,1,0.0,5.0,0.000269250640712398,0.8651234951217335
406822777a0b9eb5c50e442dd4cd3ec5,3548.09,44,0.13636363636363635,4.325581395348837,0.00026918160208657435,0.86539267672382
a0415d9b25ede3c4b1e477e9916ffc03,3544.2,9,0.0,4.222222222222222,0.0002688864809278335,0.8656615632047479
66dc1b1632bd6a3e508510c5b3492107,3542.19,36,0.027777777777777776,3.638888888888889,0.0002687339890180471,0.8659302971937659
f3da5b2ff499efb8d4a6d371d175d7dd,3540.89,77,0.14285714285714285,3.914473684210526,0.00026863536240972753,0.8661989325561756
71039d19d4303bf9054d69e9a9236699,3537.2,35,0.22857142857142856,3.8,0.0002683554145753435,0.866467287970751
96804ea39d96eb908e7c3afdb671bb9e,3530.75,37,0.02702702702702703,4.135135135135135,0.000267866074864835,0.8667351540456159
6750d71153f00fc58829af2a8ef1bcf1,3514.0,6,0.0,4.166666666666667,0.0002665953089499483,0.8670017493545658
3d8fa2f5b647373c8620330c4e077a9f,3501.74,42,0.023809523809523808,4.2317073170731705,0.0002656651841668731,0.8672674145387326
4559697a8f7e637227c2eeaed843baff,3486.3,39,0.07692307692307693,4.205128205128205,0.0002644938035265239,0.8675319083422591
e7d5b006eb624f13074497221eb37807,3478.93,28,0.07142857142857142,3.9285714285714284,0.0002639346665239737,0.8677958430087831
8ff38bc3969e67c36c48343a07090f66,3472.0,2,0.0,2.5,0.00026340891083500873,0.8680592519196181
ed46f1eb4a638113deb2a1137b5f22e9,3470.0,4,0.0,4.0,0.0002632571775914402,0.8683225090972095
bce6a5ecf98e99fd2a8868b15c51f04b,3464.9,14,0.21428571428571427,4.071428571428571,0.00026287025782034034,0.8685853793550299
56642bcb79900e777d68e91915cb4267,3454.64,46,0.08695652173913043,4.021739130434782,0.0002620918662808337,0.8688474712213107
f0837c8d71434931d9e38e7b79234797,3446.9,22,0.045454545454545456,4.590909090909091,0.0002615046586282234,0.8691089758799388
276677b5d08786d5dce7c2149dcce48b,3424.2,31,0.0967741935483871,4.032258064516129,0.00025978248631372027,0.8693687583662526
c9a06ece156bb057372c68718ec8909b,3420.0,9,0.0,3.5555555555555554,0.0002594638465022263,0.8696282222127548
4677a5437afda5fa7140b927b07be1cc,3415.7,11,0.09090909090909091,4.363636363636363,0.00025913762002855394,0.8698873598327834
f4db9b37944bcb8873e6b456ee190bbf,3409.78,21,0.09523809523809523,4.571428571428571,0.00025868848962759105,0.870146048322411
cfd7ddab722b902f7ac5b5f3ba6d723d,3385.0299999999997,12,0.0,4.75,0.00025681079073843014,0.8704028591131495
960945e1a9535cbc0cd6ddd35fbe7ae8,3381.73,28,0.0,4.642857142857143,0.0002565604308865421,0.870659419544036
827f8f69dfa529c561901c4f2e0f332f,3380.49,90,0.1,4.278409090909091,0.00025646635627552954,0.8709158859003115
1b8356dabde1d35e17cef975c3f82730,3366.4,55,0.01818181818181818,4.218181818181818,0.00025539739557458907,0.8711712832958861
b1fecf4da1fa2689bccffa0121953643,3357.84,17,0.0,4.9411764705882355,0.0002547479772921157,0.8714260312731782
df560393f3a51e74553ab94004ba5c87,3335.88,25,0.08,3.92,0.000253081946277733,0.8716791132194559
070d165398b553f3b4b851c216b8a358,3333.17,31,0.16129032258064516,3.3666666666666667,0.0002528763477326976,0.8719319895671886
6481e96574816ead57975da2c0f6d80d,3324.9,32,0.03125,4.1875,0.0002522489307705416,0.8721842384979592
6b90f847357d8981edd79a1eb1bf0acb,3322.08,45,0.044444444444444446,4.355555555555555,0.0002520349868971099,0.8724362734848563
db4350fd57ae30082dec7acbaacc17f9,3304.3199999999997,136,0.03676470588235294,4.162962962962963,0.00025068759569422114,0.8726869610805505
994f04b3718c2bab35c2adfa8afecd2a,3289.8,47,0.0851063829787234,4.297872340425532,0.0002495860123459135,0.8729365470928965
a2b5b6105ea5942300631d2e76f4ffe0,3286.6899999999996,16,0.125,4.75,0.0002493500671521644,0.8731858971600487
54c04bdb5ec46762f8f08c7e8f86ed4a,3281.66,18,0.1111111111111111,4.333333333333333,0.00024896845804458947,0.8734348656180932
5b51032eddd242adc84c38acab88f23d,3280.0,12,0.0,4.0,0.00024884251945242756,0.8736837081375457
52562a9f449c3dc3d53f5f5b9ed74903,3266.6,14,0.0,4.785714285714286,0.0002478259067205183,0.8739315340442663
aeb36d67f1414f234d42a29e27cf1f17,3263.8,4,0.25,4.5,0.0002476134801795223,0.8741791475244458
594f9aaa48e5bf431f011ddc5669b0d5,3248.8,37,0.02702702702702703,4.594594594594595,0.0002464754808527582,0.8744256230052986
a938325a4b357fd23a6a4d5bb126408e,3231.0,24,0.041666666666666664,3.8333333333333335,0.000245125054984998,0.8746707480602836
643214e62b870443ccbe55ab29a4dccf,3229.23,65,0.12307692307692308,4.4,0.00024499077106443983,0.874915738831348
c64a2aec32cc408a8a4c6d7c46017f91,3221.5,9,0.0,3.888888888888889,0.0002444043220780474,0.875160143153426
4c18691b6037662be2df78a765d98ab5,3195.52,63,0.07936507936507936,3.873015873015873,0.0002424333072440919,0.8754025764606701
d57e18d5f73c7ccb7f7339b61166898d,3187.7,61,0.03278688524590164,4.426229508196721,0.00024184003026173884,0.8756444164909318
e48b04bf1aa1ef711caebeb7aede6180,3187.1000000000004,25,0.0,4.48,0.00024179451028866832,0.8758862110012205
e89c4adbe7b1d0819dbb636e16461cf1,3181.3,24,0.125,3.8333333333333335,0.0002413544838823195,0.8761275654851028
870d0118f7a9d85960f29ad89d5d989a,3157.2,45,0.044444444444444446,4.044444444444444,0.0002395260982973184,0.8763670915834002
c8b3445d737de6befde0c88ede534a5e,3149.04,30,0.03333333333333333,4.433333333333334,0.0002389070266635587,0.8766059986100637
5bc24d989e71e93c33e50a7782431b0e,3148.0,17,0.0,4.352941176470588,0.00023882812537690307,0.8768448267354406
f326006815956455b2859abd58fe7e39,3147.16,9,0.0,4.666666666666667,0.00023876439741460424,0.8770835911328553
3cfa1358a6caa965278721344c8d76f2,3140.2799999999997,5,0.0,4.8,0.00023824243505672844,0.877321833567912
c394e193cda3b4225ff2094d32184849,3134.8900000000003,2,0.0,5.0,0.0002378335139653112,0.8775596670818774
238fac594e170b59c6d228f5a4f4f1d9,3126.0,29,0.10344827586206896,4.0,0.00023715905969764898,0.8777968261415751
b17b679f4f5ce2e03ce6968c62648246,3124.47,44,0.20454545454545456,3.8636363636363638,0.000237042983766319,0.8780338691253414
21e83881401b92b49fb09a16d3852291,3109.06,12,0.0,4.833333333333333,0.00023587387912462333,0.878269743004466
5b35136197710e16ac5e7b7c2bd4ea85,3104.2000000000003,7,0.2857142857142857,2.5714285714285716,0.00023550516734275177,0.8785052481718088
afa6714acee029b2dfdf357e5579cc03,3100.86,15,0.13333333333333333,4.2,0.00023525177282599226,0.8787404999446348
5c6d4016c2a288f074fa0848a2b653d2,3100.0,31,0.0967741935483871,4.161290322580645,0.00023518652753125777,0.8789756864721661
08cdbae123ff67ca4e36d9d641ce0119,3098.99,4,0.5,3.25,0.00023510990224325564,0.8792107963744094
38874e327ce94d11390b96eb42d61928,3089.95,5,0.2,4.2,0.00023442406798232577,0.8794452204423917
95f83f51203c626648c875dd41874c7f,3077.6600000000003,50,0.06,3.7,0.00023349166720059705,0.8796787121095923
f61c63d13f7cd800549d5acdd390ae72,3072.3,26,0.07692307692307693,4.0,0.00023308502210783331,0.8799117971317001
aae3bfea055532c57fb453ed3ec80b30,3057.92,48,0.0,3.595744680851064,0.0002319940600865754,0.8801437911917867
612a743d294c27884fb7b80d2b19ba35,3057.7000000000003,2,0.0,4.5,0.0002319773694297829,0.8803757685612165
d9e8c084b68fe958861d8f2c21202e6b,3050.0,9,0.0,4.333333333333333,0.00023139319644204393,0.8806071617576585
b8555308bfdb4ca1ed54325a58da9a97,3047.2000000000003,26,0.07692307692307693,4.0,0.000231180769901048,0.8808383425275595
0ebd97a106433a45a4aebe57c1799778,3046.8,31,0.0,4.483870967741935,0.00023115042325233426,0.8810694929508118
4da0e408c99d2fdc2126dc9fce518060,3026.0,44,0.0,4.409090909090909,0.0002295723975192213,0.881299065348331
4c8545742faaf58fafd5fd14d25d75cf,3020.0,4,0.0,4.5,0.00022911719778851564,0.8815281825461195
55f7a3319d80f7fdf078b8f03e6725fe,3013.78,22,0.09090909090909091,3.772727272727273,0.00022864530740101746,0.8817568278535205
2d50d6282f8aa2257819a77bfaa0efe0,3008.48,42,0.14285714285714285,3.8095238095238093,0.00022824321430556078,0.8819850710678261
3bdff180c7e1f6551a643b99c265a120,3008.2000000000003,56,0.05357142857142857,4.254545454545455,0.0002282219716514612,0.8822132930394776
5bc55dbe2f12b6af6d83ed46023e0dc8,2992.1000000000004,17,0.23529411764705882,2.411764705882353,0.00022700051904073434,0.8824402935585184
0c7533c71df861ec58ad7ff999ed0e8d,2989.2999999999997,61,0.04918032786885246,4.147540983606557,0.00022678809249973832,0.8826670816510181
fce62094ffe6a4009188ec44e681dfdd,2969.7,4,0.25,4.0,0.00022530110671276652,0.882892382757731
9646c3513289980f17226a2fc4720dbd,2964.4,69,0.028985507246376812,4.449275362318841,0.00022489901361730986,0.8831172817713483
d17f467e4bf608a510c20d82f4ba3b6b,2963.7799999999997,11,0.18181818181818182,4.2727272727272725,0.0002248519763118036,0.8833421337476601
b1ac6ea7895bc3dd6f0f6f4abbdd2821,2962.0,38,0.0,4.526315789473684,0.0002247169337250276,0.8835668506813852
8cbac7e12637ed9cffa18c7875207478,2955.98,66,0.06060606060606061,4.166666666666667,0.00022426021666188624,0.8837911108980471
e908c0f3646e8b60375734a350d95d71,2951.0,1,0.0,4.0,0.00022388240088540054,0.8840149932989325
dd58ee93286b0821565574c570e9e1dc,2948.0,2,0.0,5.0,0.0002236548010200477,0.8842386480999526
60562ab00b8054280520d390c8c0045c,2943.0,17,0.0,4.764705882352941,0.00022327546791112634,0.8844619235678637
f44b6f775a2b390380e0e30b5c9d3eee,2930.0,10,0.0,4.9,0.00022228920182793075,0.8846842127696917
606ce7768feac12c5e8bd58db8b08f0f,2916.6,5,0.0,4.8,0.00022127258909602143,0.8849054853587877
f4aba7c0bca51484c30ab7bdc34bcdd1,2912.2,107,0.06542056074766354,3.94392523364486,0.0002209387759601706,0.8851264241347478
2156f2671501a81034d7d07f217609d0,2909.5,21,0.14285714285714285,4.0,0.00022073393608135306,0.8853471580708292
20d83f3ef0e6925fd74bfd59170babf7,2903.6,40,0.05,4.4,0.00022028632301282584,0.885567444393842
d3dcf0604eabf0224fbd5948b5e02f69,2902.2999999999997,9,0.3333333333333333,3.888888888888889,0.00022018769640450624,0.8857876320902466
1771297ac436903d1dd6b0e9279aa505,2881.27,28,0.03571428571428571,4.62962962962963,0.00021859222134838294,0.8860062243115949
1987cd4be10fe09ee50454f9c354d1c6,2877.7,14,0.07142857142857142,4.357142857142857,0.00021832137750861305,0.8862245456891036
bd697db56ff8e7c9cd1abeb7f72029b2,2869.79,21,0.0,4.333333333333333,0.00021772127253029945,0.8864422669616339
49e7217cfe4e427191c378ec626d8737,2868.8,12,0.0,4.083333333333333,0.00021764616457473302,0.8866599131262086
430315b7bb4b6e4b3c978f9dfa9b0558,2864.4,19,0.05263157894736842,3.9473684210526314,0.0002173123514388822,0.8868772254776475
a6fe7de3d16f6149ffe280349a8535a0,2844.9,50,0.16,4.040816326530612,0.0002158329523140888,0.8870930584299616
fec6275253471ace26d209bbaa64cd0f,2840.0,9,0.0,4.555555555555555,0.00021546120586734584,0.8873085196358289
b494891378bd8f4560abe576c52deacd,2839.0,19,0.05263157894736842,4.7368421052631575,0.00021538533924556156,0.8875239049750745
d32e3909cfb714fb2a6cb092c85b9c5f,2827.9,10,0.3,3.5,0.0002145432197437561,0.8877384481948183
730937bf88cb151eb2eb849f642fc213,2821.2,22,0.045454545454545456,4.409090909090909,0.00021403491337780142,0.8879524831081961
5f1dc28029d2c244352a68107ec2b542,2807.3,62,0.06451612903225806,4.426229508196721,0.000212980367335,0.888165463475531
820cc752a266cdc6c1a1e61dd4583330,2802.7999999999997,15,0.13333333333333333,4.133333333333334,0.00021263896753697073,0.888378102443068
df56d7b40d437f88407c5f78b63bc328,2791.28,22,0.045454545454545456,4.090909090909091,0.0002117649840540159,0.8885898674271221
cb3dd9ce66268c7a3ca7241ac70ab58c,2788.32,48,0.0625,4.197916666666667,0.00021154041885353443,0.8888014078459756
ae7ab174effdead6c241e547e4ca13f0,2778.6,6,0.0,4.333333333333333,0.00021080299528979124,0.8890122108412654
c4f7fee5b0db50e87766f5a4d1b1b758,2762.0299999999997,5,0.0,4.0,0.00020954588536682575,0.8892217567266322
f125f3a310c2e5f822d116147de1e474,2761.4,16,0.125,4.1875,0.0002094980893951017,0.8894312548160273
bb7a14e229b1c95156719c3d9552eeee,2760.2,10,0.1,4.5,0.00020940704944896055,0.8896406618654762
8f54d64f28a993550aa7943f12572959,2755.5,15,0.06666666666666667,3.7333333333333334,0.00020905047632657444,0.8898497123418028
a1474fd46fd3430168f7ec202da39408,2752.5,12,0.16666666666666666,4.333333333333333,0.00020882287646122163,0.890058535218264
1838dd9b8977065acf51d95e0053ea7a,2750.5,62,0.04838709677419355,4.370967741935484,0.00020867114321765308,0.8902672063614816
1444c08e64d55fb3c25f0f09c07ffcf2,2749.0,1,0.0,1.0,0.00020855734328497665,0.8904757637047666
f7ccf836d21b2fb1de37564105216cc1,2748.4,69,0.10144927536231885,3.8507462686567164,0.0002085118233119061,0.8906842755280785
3fd1e727ba94cfe122d165e176ce7967,2747.4,35,0.2,3.942857142857143,0.00020843595669012182,0.8908927114847686
f805b96fa705ba7995a221f1749dc141,2744.44,7,0.0,4.428571428571429,0.00020821139148964035,0.8911009228762582
977f9f63dd360c2a32ece2f93ad6d306,2730.07,23,0.13043478260869565,3.869565217391304,0.00020712118813460032,0.8913080440643928
3b872fd4747f01cc56206f2934198618,2726.7400000000002,25,0.16,3.88,0.00020686855228405868,0.8915149126166768
5cbbd5a299cab112b7bf23862255e43e,2726.06,36,0.0,4.277777777777778,0.00020681696298124536,0.891721729579658
458d868c9642f55f18f04e951a3fdde6,2718.0,2,0.0,5.0,0.00020620547800966407,0.8919279350576677
33576ec5412fb5905d876f12f33bfde6,2718.0,31,0.03225806451612903,4.096774193548387,0.00020620547800966407,0.8921341405356773
78744a20ee2f80ba64f6804c25def2b8,2715.0,6,0.16666666666666666,4.166666666666667,0.00020597787814431124,0.8923401184138217
fe26f3ecb51a15e6d8335cd92da42562,2708.96,7,0.14285714285714285,4.428571428571429,0.0002055196437487342,0.8925456380575704
d93844a9c55ba7ce353388bcf849ea56,2708.5,12,0.08333333333333333,4.25,0.00020548474510271344,0.8927511228026731
51702dc2a3e106c76dbff722b5bf0726,2705.1,13,0.0,4.3076923076923075,0.0002052267985886469,0.8929563496012618
31561f325664a8a7aba4c8d0c3a9b3db,2702.19,36,0.027777777777777776,4.638888888888889,0.00020500602671925467,0.893161355627981
2a1348e9addc1af5aaa619b1a3679d6b,2697.4,48,0.2708333333333333,3.1702127659574466,0.000204642625600908,0.893365998253582
974cf2cb8f4b7add98709c30df02fe10,2694.7,30,0.03333333333333333,4.166666666666667,0.0002044377857220904,0.8935704360393041
0015a82c2db000af6aaaf3ae2ecb0532,2685.0,3,0.0,3.6666666666666665,0.00020370187949078294,0.8937741379187949
432c37c9dfba871172ec162e20118b8c,2679.87,44,0.09090909090909091,4.25,0.0002033126837210296,0.8939774506025159
a17f621c590ea0fab3d5d883e1630ec6,2677.92,63,0.07936507936507936,4.163934426229508,0.00020316474380855027,0.8941806153463244
c9aafcd0621b2207c10e32c649cada4d,2671.26,40,0.1,4.325,0.000202659472107467,0.8943832748184319
d93919c944be9cff128f6c9cb899eacb,2666.7000000000003,33,0.18181818181818182,4.0,0.0002023135203121307,0.894585588338744
9c068d10aca38e85c50202e17b4a7e88,2658.9,17,0.17647058823529413,4.125,0.00020172176066221334,0.8947873100994063
d25aa0aaacb370e912f8cf6efeba38b3,2658.45,17,0.058823529411764705,4.470588235294118,0.0002016876206824104,0.8949889977200887
6f229cc508fc6915ed5c499efd93baa4,2654.8,13,0.15384615384615385,4.384615384615385,0.0002014107075128978,0.8951904084276016
bc302730ea8cf49b5c74f579febb5bbf,2640.9,11,0.09090909090909091,3.8181818181818183,0.00020035616147009636,0.8953907645890716
f1b93673502375d491780bb49d615dbc,2638.9300000000003,8,0.25,3.125,0.00020020670422518134,0.8955909712932968
1b7e5006cb25dd23ce8686691013b121,2636.74,11,0.18181818181818182,4.363636363636363,0.00020004055632347374,0.8957910118496203
ccf8813e5a7d6c84d865cd38bfc2b130,2635.5,26,0.07692307692307693,4.384615384615385,0.00019994648171246126,0.8959909583313328
8d79c8a04e42d722a75097ce5cbcf2ef,2627.82,26,0.15384615384615385,4.576923076923077,0.00019936382605715802,0.8961903221573899
9906e7aa42a3c067b7c9a564d01c4320,2619.0,12,0.16666666666666666,4.5,0.00019869468245302068,0.896389016839843
8ab42aa58097fd4668d60cc648225d5f,2616.75,20,0.0,4.2,0.00019852398255400605,0.896587540822397
4305fe92735c8a43d154ff6dd2b8d927,2606.1000000000004,17,0.0,4.176470588235294,0.00019771600303200354,0.896785256825429
e99e927c81e3f51739c94fcdfca9f10f,2597.85,21,0.19047619047619047,3.7142857142857144,0.00019709010340228323,0.8969823469288313
a369d693961cb93b61ca2cc518872a85,2597.0,11,0.0,3.909090909090909,0.00019702561677376659,0.8971793725456051
fdaaf5bfda82b7b80535610c831b8d09,2588.8999999999996,10,0.1,4.2,0.00019641109713731394,0.8973757836427424
f593898ec748b7a8cb81fc04edafd98a,2588.04,19,0.15789473684210525,3.6842105263157894,0.00019634585184257947,0.897572129494585
244c2f1bff6afe1f2eaf9bfe9b2aed38,2580.0,23,0.08695652173913043,3.782608695652174,0.00019573588420343388,0.8977678653787884
2c4c47cb51acd5ea5db5e0ae0e26542a,2575.8999999999996,12,0.0,4.666666666666667,0.00019542483105411832,0.8979632902098426
0885aaf116795758dfeb5f1032487bcd,2573.1000000000004,27,0.037037037037037035,4.2592592592592595,0.0001952124045131224,0.8981585026143557
41ab63a91b8b264e8c8780368bf1dd5b,2571.95,12,0.0,4.25,0.00019512515789807045,0.8983536277722538
1ce3ae5a399804d1a87e706f8a813c3e,2563.0,40,0.1,3.75,0.00019444615163310118,0.8985480739238869
cd06602b43d8800bd0afad514919d35c,2555.31,43,0.046511627906976744,3.744186046511628,0.00019386273731158008,0.8987419366611985
157c3e4b42f81ac4a44e8b1ca2fe9876,2548.5,23,0.08695652173913043,3.6956521739130435,0.00019334608561722918,0.8989352827468158
b76dba6c951ab00dc4edf0a1aa88037e,2545.31,157,0.03184713375796178,4.219354838709678,0.00019310407109373733,0.8991283868179095
bb5bd94c8f59cc050072d2930c869cac,2543.87,16,0.0625,4.1875,0.00019299482315836795,0.8993213816410679
4d600e08ecbe08258c79e536c5a42fee,2534.0,5,0.0,4.2,0.00019224601960135716,0.8995136276606692
3d39fbf22a665714baf62fae36029e23,2504.2,8,0.0,4.75,0.0001899851942721857,0.8997036128549414
ffa6adafb71b807dc13159e26431354c,2500.9,17,0.0,3.9411764705882355,0.0001897348344202976,0.8998933476893617
de0c78824586e9a5f5f04fd84e25df39,2489.3,14,0.0,4.642857142857143,0.0001888547816076,0.9000822024709693
cea729054f157f5870bdd321a958d994,2482.1,24,0.041666666666666664,4.125,0.0001883085419307532,0.9002705110129
6989574bd97d9773f10d232b6c07da59,2478.3999999999996,7,0.0,4.857142857142857,0.00018802783543015136,0.9004585388483302
fe49ee029e61e789a1f3a5525f57ba8d,2473.69,16,0.0625,4.25,0.00018767050364154744,0.9006462093519717
2e3be8a987a30d7544dbbda6861cc14e,2472.86,14,0.07142857142857142,3.7857142857142856,0.00018760753434546648,0.9008338168863171
5eeb9c756d9780b96283e5a2ac6da334,2471.0,9,0.2222222222222222,4.222222222222222,0.00018746642242894774,0.9010212833087461
c2d70ce2c5d0a2eb75e78668236e6dc8,2470.9,13,0.0,4.615384615384615,0.00018745883576676932,0.9012087421445129
1c40343cc5d18c2d8248ac2f3366de34,2461.41,21,0.09523809523809523,4.619047619047619,0.0001867388615260365,0.9013954810060388
cce6ab8d1682639fe45ab70234f1665f,2442.7,61,0.04918032786885246,4.508196721311475,0.00018531939703245268,0.9015808004030713
a08692680c77d30a0b4280da5df01c5a,2433.0,6,0.0,5.0,0.0001845834908011452,0.9017653838938725
318f287a62ab7ac10b703ac37435a231,2432.48,51,0.09803921568627451,3.9215686274509802,0.0001845440401578174,0.9019499279340303
4b0fdb526525f9890eb145bf1534640e,2419.0,18,0.0,4.055555555555555,0.00018352135809616534,0.9021334492921265
888faa8bfb0b159c37de6d898b961c31,2418.2999999999997,19,0.0,4.2105263157894735,0.00018346825146091632,0.9023169175435873
04aba03279157f6d4e0fe8ccaf21963c,2416.0,15,0.06666666666666667,4.533333333333333,0.0001832937582308125,0.9025002113018181
d06d019f72a04e5497a0b64190af170c,2415.93,17,0.058823529411764705,4.529411764705882,0.0001832884475672876,0.9026834997493854
1354d51653f645349064725ed204e85e,2410.0,18,0.05555555555555555,3.888888888888889,0.00018283855850010684,0.9028663383078855
76833248bbc0e65a0293ec62023e4396,2399.98,2,0.0,5.0,0.0001820783749498284,0.9030484166828354
efcd8d2104f1a05d028af7bad20d974b,2384.79,46,0.021739130434782608,4.195652173913044,0.00018092596096492522,0.9032293426438004
1996942dc085d7773ba77a529b163cd0,2383.52,9,0.0,4.222222222222222,0.0001808296103552592,0.9034101722541557
47efca563408aae19bb7206c2d969ea9,2383.0,11,0.0,4.363636363636363,0.00018079015971193138,0.9035909624138676
6bbcb8924baf70b7fe2fe2097e8cd407,2382.5,10,0.0,4.5,0.00018075222640103925,0.9037717146402686
acadd4d36859671cb635527c6c977533,2381.0,12,0.16666666666666666,4.25,0.00018063842646836282,0.9039523530667369
cfe94489ddd337d1e29e12f2a7205d10,2376.0,20,0.1,4.3,0.00018025909335944146,0.9041326121600963
323ce52b5b81df2cd804b017b7f09aa7,2374.3,29,0.1724137931034483,4.428571428571429,0.0001801301201024082,0.9043127422801988
120476eb7a04c149d14772edaf5d9bf2,2368.8,4,0.0,4.25,0.00017971285368259467,0.9044924551338813
d3f39f05462b79a4562d35893a28f159,2363.4,33,0.12121212121212122,3.606060606060606,0.00017930317392495957,0.9046717583078063
b335c59ab742f751a85db9c411a86739,2360.31,28,0.03571428571428571,3.9642857142857144,0.00017906874606364614,0.90485082705387
5160d23075764e18e07c1f4a87fad743,2359.0,33,0.030303030303030304,4.363636363636363,0.00017896936078910875,0.9050297964146591
4978a02ea9c8be7a9b5480680f40334e,2356.61,18,0.0,3.5555555555555554,0.00017878803956304434,0.9052085844542221
8603f0038fe0e52fedd3382d266723de,2355.0,10,0.0,4.4,0.00017866589430197164,0.9053872503485241
ede0c03645598cdfc63ca8237acbe73d,2352.15,43,0.3488372093023256,3.5714285714285716,0.00017844967442988646,0.905565700022954
c004e5ea15737026cecaee0447e00b75,2350.0,1,1.0,1.0,0.00017828656119305025,0.905743986584147
3504c0cb71d7fa48d967e0e4c94d59d9,2349.94,53,0.0,4.415094339622642,0.0001782820091957432,0.9059222685933428
4391ea5c5990502176a1dcda44a2373d,2349.0,3,0.0,4.666666666666667,0.00017821069457126597,0.906100479287914
34f563c82a85b99ae9e6d60db5fc2e28,2332.3,8,0.0,4.625,0.00017694372198746858,0.9062774230099016
0bb738e4d789e63e2267697c42d35a2d,2308.4,29,0.03571428571428571,4.655172413793103,0.00017513050972682435,0.9064525535196284
fd386aa7bed2af3c7035c65506c9b4a3,2304.15,69,0.10144927536231885,4.3478260869565215,0.00017480807658424118,0.9066273615962126
5a93f3ab0ef4c84ed5e1b5dbf23978bc,2299.2799999999997,38,0.02631578947368421,4.7894736842105265,0.00017443860613615173,0.9068018002023488
f1c1ac3f3efc07e659c035008e615e66,2294.96,3,0.0,3.3333333333333335,0.00017411086233004366,0.9069759110646788
1d4587203296c8f4ad134dc286fa6db0,2287.5,40,0.05,4.35,0.00017354489733153295,0.9071494559620104
6338ea67c41078a46ad99cc009654956,2286.09,37,0.0,4.6,0.00017343792539481714,0.9073228938874052
7238a95bb63ef7e498389fb863b834a1,2265.7,15,0.06666666666666667,4.733333333333333,0.00017189100497663572,0.9074947848923818
8fe8786ee000001ab51d030dfd4a7bf1,2255.0,5,0.0,4.6,0.00017107923212354397,0.9076658641245053
655220df33262c7e0c4949a147366f94,2245.0,13,0.15384615384615385,4.076923076923077,0.0001703205659057012,0.907836184690411
dd533b429f380718b70ad9922c294bae,2244.88,39,0.1282051282051282,3.923076923076923,0.0001703114619110871,0.9080064961523221
7b8e8ec35bad4b0ef7e3963650b0a87b,2244.2799999999997,5,0.2,4.8,0.0001702659419380165,0.9081767620942601
5abb8ea023c77787f2c15da891c8d384,2241.0,13,0.23076923076923078,3.923076923076923,0.0001700170994185641,0.9083467791936787
54583ab379489add547fe47b628db589,2240.0,10,0.0,4.8,0.00016994123279677982,0.9085167204264755
e5f9e61ceb5f523cc966e0f34095032f,2238.0,4,0.25,4.0,0.00016978949955321127,0.9086865099260287
cac876b37d3abcd6bd76caca30277996,2229.77,27,0.037037037037037035,4.461538461538462,0.00016916511725592666,0.9088556750432847
b83cedfb587e7911540e3f576d6917ce,2224.95,24,0.08333333333333333,4.208333333333333,0.00016879944013892644,0.9090244744834236
9a84ba99f5367fdbd4598363496f1ea2,2223.38,15,0.0,3.8,0.00016868032954272513,0.9091931548129664
fb89df7f89fd1b8f03fa2acca1ba7364,2220.0,22,0.09090909090909091,3.8636363636363638,0.00016842390036109428,0.9093615787133275
747e73c01a4593d4cf60dcf970fd2689,2217.99,3,0.0,4.333333333333333,0.00016827140845130785,0.9095298501217788
77a515caa36327151d1cc6c32a9f00e1,2217.39,26,0.11538461538461539,4.423076923076923,0.0001682258884782373,0.909698076010257
e5475dcab1e07b63d7f6e902d8f5eda8,2192.0,19,0.05263157894736842,4.105263157894737,0.00016629963495113452,0.9098643756452082
91f0eec23d4a61d7d7caeefa3f0ad1ca,2190.8,11,0.2727272727272727,3.5454545454545454,0.0001662085950049934,0.9100305842402132
14a08204d03bb6b6bde8029f801ae0eb,2185.4,28,0.0,3.892857142857143,0.0001657989152473583,0.9101963831554606
1b1ae47a313a825a7ccceb8e2e30fa9d,2184.0,10,0.0,4.222222222222222,0.00016569270197686032,0.9103620758574374
850913d59ce317156b00f3705f1c3edb,2183.0,29,0.1724137931034483,3.586206896551724,0.00016561683535507604,0.9105276926927925
8ca1551acf9832a4cf467bbbac15851f,2176.4,11,0.09090909090909091,3.909090909090909,0.00016511611565129983,0.9106928088084438
b74d1c09cb380e1d03a6f859c6f4224b,2174.61,30,0.13333333333333333,4.3,0.00016498031439830596,0.9108577891228421
4992e76a42cb3aad7a7047e0d3d7e729,2171.2,56,0.07142857142857142,3.9642857142857144,0.00016472160921802157,0.9110225107320601
53d00c40e32aeb924a84ce72b1af869d,2165.85,17,0.23529411764705882,4.352941176470588,0.00016431572279147568,0.9111868264548516
2be17df1c49978426251562096c3cc09,2165.0,16,0.0625,4.1875,0.00016425123616295906,0.9113510776910145
0ffa40d54288e4f3499b8780dd0f144f,2162.8,33,0.15151515151515152,4.484848484848484,0.00016408432959503366,0.9115151620206096
0725b8c0f3f906e58f70cbe76b7c748c,2161.52,16,0.375,3.65625,0.00016398722031914977,0.9116791492409287
7fc87cc3e89b3d1d5cabdca32f8485aa,2153.9,14,0.2857142857142857,3.5714285714285716,0.0001634091166611536,0.9118425583575899
f214d28e8d8e3ef068748498ccc2f813,2152.43,52,0.07692307692307693,4.2745098039215685,0.0001632975927271307,0.912005855950317
72bc2cce903c872fe376a8faaa81d237,2149.2,17,0.0,4.647058823529412,0.00016305254353876747,0.9121689084938558
373ee4a3a775a733770ca3f790b8b9ac,2141.49,13,0.07692307692307693,3.923076923076923,0.0001624676118848107,0.9123313761057406
723cd880edaacdb998898b67c8f9da30,2136.5299999999997,11,0.09090909090909091,4.090909090909091,0.00016209131344076068,0.9124934674191814
8bdd8e3fd58bafa48af76b2c5fd71974,2135.83,10,0.1111111111111111,4.9,0.00016203820680551172,0.9126555056259869
87d30a6a0cbf89356e49324971ab1d24,2134.13,17,0.058823529411764705,4.352941176470588,0.00016190923354847845,0.9128174148595354
9bcdfa7b615b3abb9461d9e3ad9886ae,2126.07,14,0.07142857142857142,4.428571428571429,0.0001612977485768972,0.9129787126081123
3a734b715d333a2588a3d54a0c9b8746,2121.52,15,0.06666666666666667,4.533333333333333,0.00016095255544777871,0.91313966516356
8f78f0903005064036736c7173a5c2ed,2113.7000000000003,13,0.07692307692307693,3.769230769230769,0.00016035927846542569,0.9133000244420255
82bd0703a4aefd6b599e5bfdaed378fb,2104.79,16,0.0625,4.0625,0.00015968330686532775,0.9134597077488908
cf2384dd2f1dddea3f838efed0945e65,2101.5,16,0.0,3.9375,0.00015943370567965748,0.9136191414545705
ffdd9f82b9a447f6f8d4b91554cc7dd3,2101.2,18,0.0,4.333333333333333,0.0001594109456931222,0.9137785524002636
e9511df20ccd82658a30c37b7fb343af,2096.6,22,0.0,4.318181818181818,0.00015906195923291454,0.9139376143594965
3bfba5a77604f6dfae7e6dd7aaf65821,2095.5,4,0.0,5.0,0.00015897850594895184,0.9140965928654454
7f7b8245c336066a1f9933c359f11d77,2094.36,38,0.02631578947368421,4.552631578947368,0.00015889201800011778,0.9142554848834455
df91910b6a03bb2e3358fa6a35e32f6f,2093.2,13,0.0,4.615384615384615,0.00015880401271884797,0.9144142888961644
8de8fe3af4449ed695d2434c933ed73e,2090.0,1,0.0,5.0,0.00015856123952913832,0.9145728501356936
165b1235e9e9942cb5fae67103576fb0,2085.15,11,0.09090909090909091,4.363636363636363,0.00015819328641348459,0.9147310434221071
6aa3928696eab49a19a466e665a649fd,2075.0,18,0.05555555555555555,4.611111111111111,0.00015742324020237415,0.9148884666623095
082e0bf4cb865a6533b1e8e498cc0255,2073.3,11,0.18181818181818182,3.272727272727273,0.0001572942669453409,0.9150457609292548
e38db885400cd35c71dfd162f2c1dbcf,2066.8,30,0.13333333333333333,4.466666666666667,0.0001568011339037431,0.9152025620631585
ea65d8b58316a6f2362f2a9e4b3e86ad,2061.4,9,0.0,4.0,0.000156391454146108,0.9153589535173047
f615fe7efbef0f4f08fd3086bc7a3e60,2061.37,22,0.09090909090909091,4.5,0.00015638917814745447,0.9155153426954521
412a4720f3e9431b4afa1476a1acddbe,2058.1,21,0.047619047619047616,4.238095238095238,0.00015614109429421986,0.9156714837897463
4e8dacf3d38f281ae26c3e0321d92d88,2055.46,8,0.125,3.125,0.0001559408064127094,0.915827424596159
be9a160a9011f627c3e121d076c1ec7b,2055.0,5,0.0,4.6,0.00015590590776668863,0.9159833305039257
62c50c1af4dfdc4149d25c5222043d39,2045.8500000000001,10,0.0,3.9,0.0001552117281773625,0.916138542232103
bc2ac6b95e1accce9858528ee566c17e,2045.0,18,0.0,4.555555555555555,0.00015514724154884585,0.9162936894736519
f7720c4fa8e3aba4546301ab80ea1f1b,2043.55,59,0.05084745762711865,4.262711864406779,0.00015503723494725866,0.9164487267085991
c6381d2d013342748761e906d45aff76,2042.98,15,0.0,3.8666666666666667,0.00015499399097284163,0.916603720699572
78c99c6dff4eeae5be99bf635ed21e3f,2030.88,31,0.0967741935483871,4.419354838709677,0.00015407600484925187,0.9167577967044213
71592660bbcb6a4664e97b6f8b68babc,2027.18,6,0.0,4.333333333333333,0.00015379529834865004,0.91691159200277
0ed6ce5d87fd9c69eaacaeb778d67235,2026.52,42,0.14285714285714285,4.390243902439025,0.0001537452263782724,0.9170653372291482
fac1a9017ade7bdc94058fc1c969f355,2010.84,9,0.0,4.666666666666667,0.00015255563774869496,0.9172178928668969
1782ce2db72c3dda627d5e7c898104e1,2010.8,9,0.1111111111111111,4.333333333333333,0.0001525526030838236,0.9173704454699807
3a1a1fec38dd360f15fc912e821e169d,2007.38,15,0.26666666666666666,3.8666666666666667,0.00015229313923732137,0.9175227386092181
116ccb1a1604bc88e4d234a8c23f33de,2004.89,61,0.06557377049180328,4.639344262295082,0.00015210423134907853,0.9176748428405671
d6ab728cf30867cf3f1a2e216ae2f9b7,2002.0,12,0.0,4.416666666666667,0.00015188497681212196,0.9178267278173792
3d2531eccfbde1d7c8db7a3a12fb267a,1999.54,10,0.0,4.222222222222222,0.00015169834492253264,0.9179784261623017
8ec76bb0965af3f007692b26fa9d6623,1999.0,1,0.0,5.0,0.00015165737694676913,0.9181300835392485
6b536a23086fba0d58c08d68814397f6,1996.8,18,0.05555555555555555,4.111111111111111,0.0001514904703788437,0.9182815740096274
17908cf9b444ee34047cadd5c0f4a516,1993.99,11,0.09090909090909091,4.545454545454546,0.0001512772851716299,0.918432851294799
bf100ecb7997df312b285358fb32f92c,1991.9,20,0.0,4.444444444444445,0.00015111872393210076,0.9185839700187312
f5f2ab9bdb6b30c14c61be68c5ed37da,1990.79,16,0.125,4.1875,0.00015103451198192022,0.9187350045307131
9449f25aeaf531019b76999ea49a6949,1979.55,9,0.2222222222222222,4.222222222222222,0.00015018177115306495,0.9188851863018662
13074f016982ff2bd6c58ced8682f000,1977.0,13,0.3076923076923077,4.153846153846154,0.00014998831126751503,0.9190351746131338
b56906f7fd1696e043f1bcce164c487b,1972.69,38,0.05263157894736842,4.052631578947368,0.0001496613261276248,0.9191848359392614
c013e57c075a06e5b5c48ee03c525719,1971.55,42,0.07142857142857142,4.238095238095238,0.00014957483817879073,0.9193344107774402
91f5779a8731baca4809fdeade81803f,1971.46,6,0.0,3.8333333333333335,0.00014956801018283015,0.919483978787623
bf84056e679dbe9c69929847a40e338f,1918.08,35,0.08571428571428572,3.7714285714285714,0.00014551824991198545,0.9196294970375349
93b9a99027bd8bd6af682aff18dd19bf,1916.0,19,0.0,4.111111111111111,0.00014536044733867416,0.9197748574848736
cd843d4cf8ef32827de0396605163ba3,1915.0,5,0.0,3.8,0.00014528458071688989,0.9199201420655906
9dda5bbacd45e18d6485fee649205d09,1912.6000000000001,19,0.10526315789473684,4.105263157894737,0.00014510250082460762,0.9200652445664151
901b460cdce0c64e471230d7f2f9f3a3,1904.0,5,0.0,4.4,0.00014445004787726285,0.9202096946142924
f41ce2e25237f9092cd8e6e7516c7a2f,1903.9,25,0.0,4.4,0.00014444246121508443,0.9203541370755074
6df688df543f90e9b38f4319e75a9d88,1891.76,39,0.0,4.564102564102564,0.00014352144042662328,0.920497658515934
112453736dbe3889cfb74e1aaa0ba0c1,1890.0,7,0.0,4.142857142857143,0.00014338791517228295,0.9206410464311063
5ab05b6d86d417796c69ffd6774ec832,1886.1,10,0.1,3.8,0.0001430920353473243,0.9207841384664537
65b081a070633e057c462abdd6fb9dd8,1885.09,19,0.0,4.315789473684211,0.00014301541005932216,0.920927153876513
5debea795b07621e1f90532e18f96145,1883.78,25,0.0,4.36,0.00014291602478478475,0.9210700699012978
4c8b8048e33af2bf94f2eb547746a916,1882.45,19,0.10526315789473684,3.3684210526315788,0.00014281512217781167,0.9212128850234756
e24d3429d294b2eb200b064ebb035879,1878.58,19,0.05263157894736842,4.2631578947368425,0.00014252151835150652,0.9213554065418271
5b33b527da3c5b969cc99dc435cad09a,1872.79,16,0.0625,4.125,0.00014208225061137556,0.9214974887924385
abbf6046bbdf1028606a5bc7f00c99e7,1867.25,6,0.0,4.666666666666667,0.00014166194952669068,0.9216391507419652
95ec4458365c4d11f452ccf538377619,1866.76,27,0.037037037037037035,4.615384615384615,0.00014162477488201638,0.9217807755168472
4e5725ba188db8252977a4f0227bd462,1865.09,21,0.2857142857142857,3.5238095238095237,0.00014149807762363662,0.9219222735944709
daeb5653dd96c1b11860f72209795012,1864.1,38,0.07894736842105263,4.25,0.0001414229696680702,0.9220636965641389
3e8bd881d92466e63ba9e3e809cd3c50,1862.38,8,0.375,4.571428571428571,0.00014129247907860125,0.9222049890432175
0417b067eeab773d2f7061a726dc477f,1859.18,13,0.3076923076923077,3.923076923076923,0.00014104970588889155,0.9223460387491064
c8467937e403e76a8ee9f0ab13f6f5ef,1853.79,30,0.13333333333333333,4.071428571428571,0.0001406407847974743,0.9224866795339038
8c3b533c63cca56240f94f1e3a6b18ef,1849.5,3,0.6666666666666666,2.0,0.00014031531699001975,0.9226269948508938
30c7f28fd3a5897b2c82d152bb760c17,1849.38,6,0.5,1.4,0.00014030621299540566,0.9227673010638893
a4bd6e9adf39b63f43dc545d3ca1f53d,1848.59,4,0.0,4.5,0.00014024627836419607,0.9229075473422534
74bafed391319577bce6f4d2acc0589a,1847.0,3,0.0,2.6666666666666665,0.00014012565043555907,0.923047672992689
272f092de69afedd4d2969440b37f18f,1846.3300000000002,25,0.0,3.9375,0.00014007481979896362,0.9231877478124879
3a4127e1ba7208ea37044c5092aae170,1842.6999999999998,5,0.0,4.0,0.00013979942396188667,0.9233275472364498
ffeee66ac5d5a62fe688b9d26f83f534,1839.8600000000001,14,0.14285714285714285,4.214285714285714,0.00013958396275601934,0.9234671311992059
7ade73f1b9b4e965f9009a4c3a7e2c15,1835.3000000000002,26,0.0,4.769230769230769,0.00013923801096068304,0.9236063692101666
6a38087bc8ad4f89ff453561005f6dea,1833.43,15,0.0,4.6,0.00013909614037794645,0.9237454653505446
c679fb69a36e1d8349e8c50a217b4d58,1825.68,14,0.14285714285714285,3.8461538461538463,0.0001385081740591183,0.9238839735246037
55bb6fe5bebe5012e2d7d9928e1128ff,1816.55,15,0.13333333333333333,3.466666666666667,0.00013781551180222783,0.924021789036406
a5a1bfcf728ab0e19182959cf0771ee4,1812.96,21,0.09523809523809523,4.333333333333333,0.0001375431506300223,0.9241593321870359
e8f6dc8e6a1dcde89d20e3995c8d90b3,1807.24,30,0.1,3.8333333333333335,0.00013710919355341622,0.9242964413805893
729b2d09b2a0bdab221076327f13d050,1805.21,48,0.08333333333333333,4.5625,0.00013695518431119415,0.9244333965649005
5b85809efd0d0e4dea1a9544e1280ed9,1804.6000000000001,12,0.0,4.25,0.00013690890567190575,0.9245703054705724
411f3b52d857390502ee4e4d5ceabc2d,1804.01,21,0.14285714285714285,4.105263157894737,0.000136864144365053,0.9247071696149375
7fdb0720c8d7c9075538b365dc8c3a22,1804.0,9,0.1111111111111111,2.4444444444444446,0.00013686338569883518,0.9248440330006363
2ff6b7bff164ef05590a52734e1296da,1803.59,7,0.0,4.714285714285714,0.0001368322803839036,0.9249808652810202
15fa791d5e017f66402dc28c44480657,1802.0,8,0.125,4.25,0.00013671165245526663,0.9251175769334754
c3e1abd72a42fe690fcd89cf5720fe29,1798.61,13,0.0,4.461538461538462,0.0001364544646074179,0.9252540313980828
1976a05ecf2996d6ffb7b5430e635fe7,1796.2,8,0.25,3.875,0.00013627162604891782,0.9253903030241317
406740ee611378a662d274c7d8c43c4a,1790.0,8,0.125,4.375,0.00013580125299385529,0.9255261042771256
fa3a0b5aabb344b9a92e3524b0202123,1789.0,7,0.14285714285714285,4.142857142857143,0.000135725386372071,0.9256618296634976
293dee954235e4e4e43f129313625ebe,1778.92,8,0.0,5.0,0.00013496065082448553,0.9257967903143222
d97df38225e5abadaff1e72cb72b823c,1776.0,28,0.17857142857142858,3.925925925925926,0.00013473912028887542,0.925931529434611
07bf9669d84d1f11be443a9dd938f698,1776.0,18,0.0,3.7222222222222223,0.00013473912028887542,0.9260662685548998
ca4b77513ac2040591b0d8fae6958380,1772.45,14,0.21428571428571427,4.5,0.00013446979378154125,0.9262007383486813
d5b9a084373da994a6e37f732169a853,1769.0,7,0.2857142857142857,3.5714285714285716,0.0001342080539363855,0.9263349464026177
1690cada046eb7e92c12f98b1f8a8167,1760.0,10,0.1,4.9,0.000133525254340327,0.926468471656958
f63d8f293af3a6454377546bd9dd19ff,1751.8200000000002,17,0.11764705882352941,4.470588235294118,0.00013290466537413162,0.9266013763223321
cb810bd318f51b3dc3c753944d61a1fa,1750.0,1,0.0,4.0,0.00013276658812248423,0.9267341429104545
dd4d95ba2d15c071e6c695e2ef6ce169,1748.0,4,0.5,4.25,0.00013261485487891568,0.9268667577653334
a36b125ac6d5fdbc7f50de85c9157bdc,1743.66,22,0.13636363636363635,3.9545454545454546,0.00013228559374037192,0.9269990433590738
4bf658053d453036c70976bccb2c31b2,1742.99,2,0.0,4.5,0.00013223476310377644,0.9271312781221775
c8417879a15366a17c30af34c798c332,1734.7,25,0.12,4.291666666666667,0.0001316058288091848,0.9272628839509868
198c7ea11960a9844b544d9bcdca860c,1733.75,25,0.12,3.88,0.00013153375551848973,0.9273944177065052
6ddc28b61be28373b4503a1f61cf98a9,1732.9,11,0.09090909090909091,4.181818181818182,0.0001314692688899731,0.9275258869753952
c5f7feb04a6a1fb3596322bfc3cf1917,1720.6,11,0.09090909090909091,4.2727272727272725,0.00013053610944202648,0.9276564230848372
d3674f271c91f824f82d24d92011f669,1718.3,20,0.1,4.1,0.00013036161621192264,0.9277867847010491
a70e9066dbfd10b6b97a3f54a1356762,1716.0,2,0.0,5.0,0.00013018712298181883,0.927916971824031
8378eb36b6b70c5734e83ad7b8cdc3b7,1714.8,7,0.14285714285714285,3.857142857142857,0.00013009608303567768,0.9280470679070667
7139dc5186aa238b006e066d8fbab2e4,1712.0,22,0.13636363636363635,4.0,0.0001298836564946817,0.9281769515635614
dfc475d54e1b6dbeeb7d7d9bdaa63827,1708.37,18,0.05555555555555555,4.5,0.0001296082606576048,0.928306559824219
656591be56071d4c9ef4e5fee78a578a,1702.0,7,0.2857142857142857,4.571428571428571,0.00012912499027683896,0.9284356848144958
244b04680fdbded0acf5aebd9c92b44a,1701.8000000000002,2,0.5,1.0,0.00012910981695248212,0.9285647946314483
6b1c4d4d9ccf0be3d8544eb0e71e5318,1699.0,1,0.0,5.0,0.00012889739041148612,0.9286936920218597
731ef20c231d9a7103a425e83fd91271,1692.0,2,0.0,3.5,0.00012836632405899617,0.9288220583459187
3ca08eeb8d5595949fed424bd3677742,1688.88,13,0.0,4.6923076923076925,0.00012812962019902925,0.9289501879661177
f9903dd0f812c7e771fcad47b6fff231,1684.8500000000001,10,0.0,3.2,0.00012782387771323862,0.929078011843831
3935fe5fe0f82787a9dcb8deb62be09d,1681.69,16,0.125,4.0,0.00012758413918840028,0.9292055959830194
bafc5aa11e413978be29040f51342e70,1679.55,9,0.1111111111111111,3.7777777777777777,0.00012742178461778195,0.9293330177676372
e64d65bc8dbec2accda90c58de5d1246,1678.8000000000002,12,0.3333333333333333,3.0833333333333335,0.00012736488465144374,0.9294603826522887
0b18d63d0cd1d723567903fd34a07df2,1678.1399999999999,9,0.0,4.777777777777778,0.00012731481268106609,0.9295876974649697
0ac4201fda2c68ebc0e47cb9423cf3c9,1676.88,13,0.07692307692307693,4.230769230769231,0.0001272192207376179,0.9297149166857074
1dc2de47ee26a0a5b12dc14fd6dc0dea,1670.3,25,0.12,4.56,0.00012672001836627736,0.9298416367040736
77fccaae319668a8ab6cd0fd16aec48c,1667.0,11,0.0,4.454545454545454,0.00012646965851438927,0.929968106362588
7586919161935337bf6b6d7ff5779648,1664.71,11,0.18181818181818182,3.8181818181818183,0.00012629592395050327,0.9300944022865385
3481aa57cd91f9f9d3fa1fa12d9a3bf7,1663.1399999999999,23,0.0,3.9565217391304346,0.00012617681335430194,0.9302205790998928
5f67c6082caacb26e431a7b17940cece,1662.6,13,0.3076923076923077,3.5384615384615383,0.00012613584537853845,0.9303467149452713
53b0300ca793f9834cd69c0678d35ee8,1662.15,5,0.0,5.0,0.00012610170539873553,0.93047281665067
a1040efe9ff4a6f93c28b0499eada8f5,1658.83,1,0.0,5.0,0.00012584982821441172,0.9305986664788845
25cf099de44674fde97473224f9d59ab,1654.36,50,0.04,4.326530612244898,0.000125510704415036,0.9307241771832995
df0f42bc4c2142eacf0eaf2cffd0cfbb,1654.0,14,0.0,4.142857142857143,0.00012548339243119368,0.9308496605757307
dc8798cbf453b7e0f98745e396cc5616,1653.2,33,0.06060606060606061,3.393939393939394,0.00012542269913376624,0.9309750832748644
b2a6d334e2833acea353624840e25a0e,1650.98,25,0.0,4.48,0.00012525427523340515,0.9311003375500978
26e2c91ef821e1ff8985f408788fe35b,1649.4,12,0.4166666666666667,3.0,0.000125134405970986,0.9312254719560688
edc518ba25576a0188a0e8f2c3af186f,1647.3899999999999,6,0.0,3.6666666666666665,0.0001249819140611996,0.9313504538701299
0887a9f087bcd5d9f6642b52f897fc6c,1642.0,12,0.08333333333333333,4.416666666666667,0.00012457299296978234,0.9314750268630997
e2c92f9c1c7746d899d18f2e158bbff7,1641.9,12,0.0,4.583333333333333,0.00012456540630760392,0.9315995922694073
5b581417df4480f632484ba681e53944,1641.6,11,0.2727272727272727,3.727272727272727,0.00012454264632106863,0.9317241349157284
7a2d2949aea47fab95fd98d6c9f618b1,1638.99,11,0.0,4.2727272727272725,0.00012434463443821168,0.9318484795501666
2a6fbeaa7ab9e5d59a35841a8da71ce4,1632.79,30,0.06666666666666667,3.9310344827586206,0.00012387426138314915,0.9319723538115497
1dfe5347016252a7884b694d4f10f5c4,1632.5,20,0.25,3.4,0.0001238522600628317,0.9320962060716126
f1ed6bd0a9b11b581f16c851c6a5a527,1622.77,17,0.058823529411764705,4.411764705882353,0.0001231140778328707,0.9322193201494454
15cd6eefe58588619aaed41dfa6621b1,1622.74,16,0.0625,4.25,0.00012311180183421718,0.9323424319512796
b0f2a6122a90a93eb03e68653dd960e3,1620.3,6,0.0,4.833333333333333,0.00012292668727706353,0.9324653586385567
013900e863eace745d3ec7614cab5b1a,1619.7,23,0.0,4.695652173913044,0.00012288116730399298,0.9325882398058607
cb5df0dcb9e280b1780e9d589889f2c7,1614.88,11,0.18181818181818182,3.4,0.00012251549018699276,0.9327107552960477
8daab2245ebdc277c51098d01c5ad8ef,1604.59,16,0.0625,4.625,0.00012173482264883254,0.9328324901186966
427165bf50f8ca07efc7bdc2bfcf1688,1603.5,5,0.6,3.2,0.00012165212803108769,0.9329541422467277
7813ea3ebd9411dc600b4dd01f7a97b9,1599.4,9,0.1111111111111111,3.888888888888889,0.00012134107488177216,0.9330754833216095
850857dfac77488c307e2b1cbd84ab5a,1599.0,1,0.0,5.0,0.00012131072823305845,0.9331967940498426
8a1ff5c35f6595a73fef4c7b96e4908a,1598.0,2,0.0,5.0,0.00012123486161127417,0.9333180289114539
081acf3de680d554796c9cf041be7bc2,1597.3,4,0.25,3.25,0.00012118175497602517,0.9334392106664299
41b86b552e54e3a7009596125aa8b167,1595.3000000000002,10,0.0,4.3,0.00012103002173245664,0.9335602406881623
8a2d12a90e92f012ce5226fc6592b653,1594.6499999999999,18,0.0,4.588235294117647,0.00012098070842829683,0.9336812213965906
70f84699be677ec988d1fa824aef7d90,1588.3,5,0.0,4.6,0.00012049895537996668,0.9338017203519706
845e8036c3f7bf62099352f5ed910240,1584.6000000000001,21,0.0,3.9523809523809526,0.00012021824887936488,0.9339219386008499
f3c38ab652836d21de61fb8314b69182,1581.0,15,0.06666666666666667,4.266666666666667,0.00011994512904094147,0.9340418837298908
392e0502231ae2f8b29994ef6398cd77,1572.9,17,0.11764705882352941,4.352941176470588,0.00011933060940448884,0.9341612143392953
5075aaa8404020ae6aa8bf4792099b41,1572.88,10,0.0,3.9,0.00011932909207205314,0.9342805434313673
134285d1f41da5c13a756ee8142c8a4e,1572.6999999999998,3,0.0,3.3333333333333335,0.00011931543608013196,0.9343998588674475
1660ad786c27fd935378b6192a90b417,1570.0,12,0.08333333333333333,4.583333333333333,0.00011911059620131442,0.9345189694636488
c4fb51fb1c5b7c07bc5e67be6e7e8f6e,1567.9,15,0.13333333333333333,3.533333333333333,0.00011895127629556745,0.9346379207399443
9b00ed88b7fdb95d6ff76e27c1b52d16,1567.88,46,0.06521739130434782,4.543478260869565,0.00011894975896313176,0.9347568704989074
47648caee88ccfe951fbb27fbf7b4cbe,1564.99,3,0.3333333333333333,3.6666666666666665,0.0001187305044261752,0.9348756010033336
02c988090b766852e088c69d7fb3b551,1564.3700000000001,12,0.0,4.583333333333333,0.00011868346712066896,0.9349942844704542
39d54ff918774174706fb065d7f9dc07,1554.69,22,0.13636363636363635,4.045454545454546,0.00011794907822179715,0.935112233548676
0eaa7e33d73809f1f925f7d07c506cbd,1552.0,15,0.0,4.714285714285714,0.00011774499700919744,0.9352299785456852
3785b653b1b82de85ab47dd139938091,1552.0,21,0.0,4.714285714285714,0.00011774499700919744,0.9353477235426945
78a4d36f65a019172c6154468831a69f,1545.5,7,0.14285714285714285,4.285714285714286,0.00011725186396759964,0.9354649754066621
49cdc90518a4f82676b38b3c1aa43ff6,1539.5,5,0.0,3.8,0.00011679666423689399,0.935581772070899
06bb3a2fe5e7b7a845b13e8fb91bd944,1536.19,17,0.0,4.588235294117647,0.00011654554571878803,0.9356983176166178
cbf09e831b0c11f6f23ffb51004db972,1535.2,10,0.0,4.4,0.0001164704377632216,0.935814788054381
3a490ba60afa30ece0e7d50cfe74a4f0,1529.2,8,0.0,4.625,0.00011601523803251593,0.9359308032924135
ffc470761de7d0232558ba5e786e57b7,1529.13,27,0.037037037037037035,4.444444444444445,0.00011600992736899104,0.9360468132197826
5bf397d04035b5f45cc41e82ec106803,1525.0,3,0.0,4.333333333333333,0.00011569659822102197,0.9361625098180035
3586b8580d9c917874e053a1bb37b5ff,1524.6999999999998,36,0.027777777777777776,4.416666666666667,0.00011567383823448668,0.936278183656238
a7c88262832dfc683781d6a421edefae,1520.0,5,0.0,4.2,0.00011531726511210059,0.9363935009213501
866558b3bccef2dbc6d29a2b5995016f,1519.3999999999999,5,0.0,4.8,0.00011527174513903002,0.9365087726664891
094ced053e257ae8cae57205592d6712,1519.2,19,0.0,4.052631578947368,0.00011525657181467318,0.9366240292383038
f5f1f2c5f923f36ad79ea1d07185ddc9,1517.77,10,0.1,3.7,0.00011514808254552165,0.9367391773208493
1dd33b8119b3cb1056ed5dc88cd0aaf4,1513.0,8,0.125,3.75,0.00011478619875961065,0.9368539635196089
a23266650e7c84bb93fbbba502137478,1512.4,11,0.0,3.8181818181818183,0.0001147406787865401,0.9369687041983955
b33aaadd1a8891d2dfef0c4c3bdf0371,1504.0,16,0.125,3.9375,0.00011410339916355216,0.937082807597559
d354c38a7182125a748cb10474fe963b,1500.34,17,0.058823529411764705,4.375,0.0001138257273278217,0.9371966333248869
714b9a1332840f257b49f476bea4e341,1499.94,6,0.3333333333333333,3.3333333333333335,0.000113795380679108,0.937310428705566
9a03a4e9eb0b947652fae4f6121a3f5e,1497.0,7,0.14285714285714285,3.857142857142857,0.00011357233281106223,0.9374240010383771
c7b7db6c8f3c64a7cc1afa634db21d50,1489.0,1,1.0,1.0,0.00011296539983678801,0.9375369664382138
659e8466eb3ff1b0e8740d74fb7bbedd,1486.8,11,0.0,4.363636363636363,0.00011279849326886259,0.9376497649314827
2a61c271b1ac763450d846849783e922,1486.77,17,0.17647058823529413,4.117647058823529,0.00011279621727020908,0.9377625611487529
b6e1504972665f739dec4facb9943775,1484.48,14,0.07142857142857142,4.357142857142857,0.00011262248270632308,0.9378751836314592
9da1ca0bef29ee170e541927a5aeabdc,1484.3999999999999,6,0.3333333333333333,3.0,0.00011261641337658033,0.9379878000448357
f918546be4bec7104d117789ba758b2b,1483.0,20,0.2,3.85,0.00011251020010608234,0.9381003102449418
9b522ba7eae9e1d04082f267144583cc,1478.6,3,0.3333333333333333,4.666666666666667,0.00011217638697023153,0.938212486631912
6806dad1da97bfb5a9038eac6881f706,1477.0,10,0.1,3.95,0.00011205500037537669,0.9383245416322874
4d232b78ab7ef10393dc3807d827bc0d,1475.0,5,0.0,4.4,0.00011190326713180813,0.9384364448994192
e256a62e0ac58c0edfba09966142d561,1474.1100000000001,12,0.0,4.416666666666667,0.00011183574583842013,0.9385482806452576
5e105f5c9f63f5f1fd75d6cb942e55b1,1471.9,8,0.125,4.5,0.00011166808060427689,0.9386599487258619
7ecd59e5e20407131822c1a68ac59c1f,1466.71,24,0.16666666666666666,4.416666666666667,0.00011127433283721648,0.9387712230586991
01ed254b9ff8407dfb9d99ba1e17d923,1465.99,5,0.0,5.0,0.0001112197088695318,0.9388824427675686
4ba52dfeba874da5b9ee7b17c7494f04,1463.0,11,0.09090909090909091,4.363636363636363,0.00011099286767039682,0.938993435635239
1284de4ae8aa26997e748c851557cf0e,1459.97,3,0.0,2.6666666666666665,0.00011076299180639046,0.9391041986270453
5145090ab595c0d0b8557199f5701fbf,1459.6,4,0.0,4.25,0.00011073492115633026,0.9392149335482016
97512d3fc193b2d1dfcdba0f9d1f0f8a,1458.8700000000001,12,0.08333333333333333,4.25,0.00011067953852242776,0.939325613086724
d7827b2af99326a03b0ed9c7a24db0d3,1455.0,1,0.0,5.0,0.0001103859346961226,0.9394359990214202
52f0fe436a347ddad7ed5f9aa4e27eaa,1452.49,19,0.15789473684210525,3.736842105263158,0.00011019550947544406,0.9395461945308956
a414555ce331b8c8aea4a9cb8395194d,1450.95,7,0.0,3.3333333333333335,0.00011007867487789628,0.9396562732057735
0ad80de75c811326389cfb1daba7d45e,1449.3999999999999,6,0.0,5.0,0.00010996108161413064,0.9397662342873876
1b8b75e227c9a9c100d0c210fb6176ce,1444.8700000000001,15,0.06666666666666667,3.933333333333333,0.00010961740581744789,0.9398758516932051
2dcf93836ae3ce0d7c93e2f10876467a,1443.8,9,0.2222222222222222,4.111111111111111,0.0001095362285321387,0.9399853879217372
dace965ca58120f92f8d742a9fa1864b,1442.0,8,0.0,4.625,0.000109399668612927,0.9400947875903501
d1ef48b38baca7e831711c4a0aeb398f,1439.13,28,0.10714285714285714,4.571428571428571,0.00010918193140840614,0.9402039695217586
66fd84ee7528c0c0de85d0f44a73d5ab,1438.1100000000001,11,0.09090909090909091,3.3636363636363638,0.00010910454745418618,0.9403130740692127
5b0cc932433fa5184b5b94bfe6bcc256,1437.8,12,0.25,3.5833333333333335,0.00010908102880143303,0.9404221550980142
3771c85bac139d2344864ede5d9341e3,1433.3,26,0.15384615384615385,3.8461538461538463,0.0001087396290034038,0.9405308947270176
ec933281fb017b5020d06df29c3f77e8,1432.0,8,0.0,5.0,0.00010864100239508423,0.9406395357294126
c5f7e746b7e6d07def6c0dae9903279b,1429.0,10,0.0,4.4,0.00010841340252973141,0.9407479491319424
0aea4c6ae1505b3228ddf3dd7822ee5b,1427.91,8,0.25,3.875,0.00010833070791198655,0.9408562798398543
f5f46307a4d15880ca14fab4ad9dfc9b,1422.94,9,0.1111111111111111,4.111111111111111,0.0001079536508017187,0.940964233490656
491a5ada3aa1678414e990262c4bbdc1,1420.0,1,0.0,5.0,0.00010773060293367292,0.9410719640935897
0b0ddbc7b9d9584f442c7ac92b0ff6c9,1416.76,3,0.0,4.666666666666667,0.00010748479507909185,0.9411794488886688
010543a62bd80aa422851e79a3bc7540,1416.0,2,0.0,4.5,0.0001074271364465358,0.9412868760251153
af3ef48d0e13835e529c29ac573c63e5,1405.63,21,0.047619047619047616,3.761904761904762,0.00010664039957863287,0.9413935164246939
921323538c9f1c4e816f2720eac02bea,1401.84,15,0.2,3.933333333333333,0.00010635286508207045,0.941499869289776
8ff1a9df749e454105c55cda13e79143,1400.6000000000001,13,0.0,3.727272727272727,0.00010625879047105797,0.9416061280802471
d4ffeb15b67e81ff9af2b4252d99fb7e,1400.4,11,0.0,4.3,0.0001062436171467011,0.9417123716973939
d4e12e7884759a14fa0f5f896c791cae,1400.0,29,0.06896551724137931,4.620689655172414,0.00010621327049798738,0.9418185849678918
04843805947f0fc584fc1969b6e50fe7,1400.0,1,1.0,5.0,0.00010621327049798738,0.9419247982383898
b8114f2f589a6804810f04f99b36b498,1399.62,8,0.0,4.75,0.00010618444118170935,0.9420309826795715
01bcc9d254a0143f0ce9791b960b2a47,1393.21,10,0.0,4.4,0.00010569813613607215,0.9421366808157076
d9a84e1403de8da0c3aa531d6d108ba6,1385.3,53,0.05660377358490566,4.584905660377358,0.00010509803115775852,0.9422417788468653
8e2b3afb420011ef0c88c9d5f11ea526,1384.5,11,0.09090909090909091,4.2727272727272725,0.00010503733786033109,0.9423468161847257
e7f3bf1ecd8526eb7f3b18059e6716e5,1382.04,17,0.0,4.647058823529412,0.00010485070597074177,0.9424516668906965
88cf19ec1fc2c58f161aee259d57142c,1372.97,14,0.0,4.5,0.00010416259571115839,0.9425558294864076
6eb94e1466490d327a09abf8f3552a50,1372.95,9,0.1111111111111111,4.75,0.0001041610783787227,0.9426599905647863
8185694b58b2ba6de20fd41ae608bbea,1372.3,8,0.0,4.5,0.00010411176507456291,0.9427641023298609
431050a06a317f2b38168dec3dcd2b46,1370.0,10,0.0,4.5,0.00010393727184445908,0.9428680396017053
985c92cc412091f8529c12d7f23d3fef,1368.5,12,0.08333333333333333,4.75,0.00010382347191178267,0.942971863073617
0bebbb2cea103a4a020c95d43fd7d754,1367.2,9,0.0,4.888888888888889,0.00010372484530346312,0.9430755879189204
2e1a7d075abe038c1b2743005fe42ff1,1366.8000000000002,18,0.16666666666666666,4.222222222222222,0.00010369449865474941,0.9431792824175752
556a6409838156ea299c9d1f9e2dde43,1362.8,4,0.0,3.25,0.00010339103216761228,0.9432826734497428
36890be00bbfc1cdb9a4a38a6af05a69,1361.3,13,0.23076923076923078,4.230769230769231,0.00010327723223493587,0.9433859506819777
fe701d88b67eaca109dffd464d1be9f9,1359.0,10,0.1,4.3,0.00010310273900483204,0.9434890534209825
091065b789659bc3cd9af9cb3a6253ff,1359.0,2,0.0,3.5,0.00010310273900483204,0.9435921561599874
2f73e04d12cdf0c945ded66bb3fcf6c7,1359.0,3,0.0,3.3333333333333335,0.00010310273900483204,0.9436952588989922
42ef3192a9ff87a22d1867b74b3ee205,1354.0900000000001,23,0.0,4.6521739130434785,0.00010273023389187124,0.943797989132884
9f50216bfd01913736a55a11b55ea842,1354.0,17,0.17647058823529413,4.411764705882353,0.00010272340589591066,0.9439007125387799
81336a0f57a33776419727a300249e90,1351.9,15,0.2,4.066666666666666,0.00010256408599016368,0.9440032766247701
b9a03475e6447e631b6799ec8274800f,1349.1,10,0.0,4.2,0.00010235165944916769,0.9441056282842193
c3ee2331a724e6fc02c4b698b57a73f3,1347.0,2,0.0,3.0,0.00010219233954342072,0.9442078206237627
7e26c750b4cb9f6766f58265ff9ebe95,1344.3,23,0.0,4.434782608695652,0.00010198749966460316,0.9443098081234274
b43d8b707f887a30f4675391098354a0,1342.0,3,0.3333333333333333,3.0,0.00010181300643449933,0.9444116211298619
02dcd3e8e25bee036e32512bcf175493,1341.9,13,0.3076923076923077,4.076923076923077,0.00010180541977232091,0.9445134265496342
186cdd1b2df32caa72cfb410bba768d3,1341.45,6,0.0,5.0,0.00010177127979251798,0.9446151978294267
5a425cc503b39b262a847fd6212bf53b,1340.6000000000001,14,0.07142857142857142,4.461538461538462,0.00010170679316400136,0.9447169046225907
8ea394aed8138685abe1eb9f25e1021d,1340.0,2,0.0,4.0,0.00010166127319093078,0.9448185658957816
89c127985a8b130cfa45c1d36764017a,1334.67,6,0.0,3.4,0.0001012569040968206,0.9449198227998784
7357b52d27cbaa90f81a96cbc1279396,1328.02,12,0.08333333333333333,4.333333333333333,0.00010075239106195514,0.9450205751909404
3faf68a3b0af94b10bac70d86077be49,1322.93,7,0.0,4.571428571428571,0.00010036622995707318,0.9451209414208975
5d9f3746e112e696f98ea22c56b3e912,1322.64,1,0.0,5.0,0.00010034422863675574,0.9452212856495343
e439f7176d763f92de325271111b2fd5,1320.9,6,0.0,5.0,0.00010021222071485111,0.9453214978702492
d2e753bb80b7d4faa77483ed00edc8ca,1320.7,14,0.07142857142857142,3.6785714285714284,0.00010019704739049424,0.9454216949176397
2bd05d410a8fd26dc4184a15f4f2f588,1316.73,6,0.0,5.0,9.989585690201066e-05,0.9455215907745418
5151aea44289d6c6b090ee31c2132508,1315.3,7,0.0,1.8333333333333333,9.978736763285914e-05,0.9456213781421746
4eb61f060e7dcc1d5a80d806c35cc541,1313.0,8,0.0,3.875,9.961287440275532e-05,0.9457209910165774
c794dab4928dd97beb41d05514441e86,1312.3999999999999,16,0.125,4.375,9.956735442968473e-05,0.9458205583710071
863d2ebcd347ce4922de7a0f9a5581d6,1312.36,17,0.17647058823529413,4.0588235294117645,9.956431976481337e-05,0.9459201226907719
f4a04f7be452aa3bb31760bf00055dd0,1312.1,18,0.05555555555555555,4.666666666666667,9.954459444314946e-05,0.946019667285215
626ab1cd96932367f0eeec2e47046c12,1310.0,3,0.0,4.666666666666667,9.938527453740248e-05,0.9461190525597525
7f40d06aa0b5f1aa4f41af8c0480e2ef,1309.94,6,0.16666666666666666,4.833333333333333,9.938072254009542e-05,0.9462184332822926
9a1aea68d3efa00862ec88c0768037d0,1309.2,7,0.0,4.428571428571429,9.932458123997507e-05,0.9463177578635326
a13580f0e8f782b7a543885a0ef99f08,1304.9,10,0.2,4.4,9.899835476630268e-05,0.9464167562182989
83b08de96980757220871b31bf6cffca,1304.17,5,0.4,4.0,9.894297213240015e-05,0.9465156991904313
542917da124346b47ea1ac79a93ce454,1303.9,20,0.05,4.15,9.89224881445184e-05,0.9466146216785758
45a3d05fb00435e52a28859dd03703b3,1299.0,1,0.0,5.0,9.855074169777543e-05,0.9467131724202735
56e361f411e38dcef17cdc2a3d99628b,1298.0,5,0.2,4.0,9.847487507599115e-05,0.9468116472953495
51ed72984a04e5dd35c2b27e77179038,1294.3,7,0.14285714285714285,3.5714285714285716,9.819416857538933e-05,0.9469098414639249
b9ca8e8baa5d4aa038394a700f63e69f,1289.77,14,0.07142857142857142,4.214285714285714,9.785049277870656e-05,0.9470076919567035
25e47381a6c510ddeb36084e33b89f0c,1289.6000000000001,16,0.0,4.25,9.783759545300325e-05,0.9471055295521565
141440cad9341e553f8401c574a2aa38,1288.2,11,0.0,4.454545454545454,9.773138218250525e-05,0.947203260934339
e63e8bfa530fb16910dd6956e592bb81,1282.8,41,0.04878048780487805,4.317073170731708,9.732170242487015e-05,0.9473005826367639
e3d3b3efac954a60d61be70b7e05b49b,1282.05,3,0.0,4.333333333333333,9.726480245853194e-05,0.9473978474392224
4eeb99008a0f59d2c7759c59f9a346eb,1282.0,2,0.0,4.5,9.726100912744273e-05,0.9474951084483498
269cff2d3c8d205c11f37a52402ea93b,1281.59,4,0.0,4.5,9.722990381251117e-05,0.9475923383521624
a478c7961d6a992065b24e63b366f90b,1281.5,8,0.0,4.875,9.722307581655059e-05,0.9476895614279789
fec8cd45395b3cb0c2b173d7739706a1,1280.0,4,0.0,3.75,9.710927588387418e-05,0.9477866707038628
5795aebfe331fbcd02a2c4b679fb7952,1280.0,6,0.0,3.8333333333333335,9.710927588387418e-05,0.9478837799797467
bb5d956dece964a06c12bceb66b923ae,1278.36,2,0.0,5.0,9.698485462414796e-05,0.9479807648343709
fa74b2f3287d296e9fbd2cc80f2d1cf1,1274.49,5,0.4,3.2,9.669125079784282e-05,0.9480774560851687
3f8034bfc6b8b4135534975d49f04c63,1273.9,11,0.0,4.0,9.66464894909901e-05,0.9481741025746597
718539d38d07dd351c76db862760e2e2,1273.01,35,0.0,4.628571428571429,9.657896819760208e-05,0.9482706815428573
128f9bfbe4c7d5185033914b1de3d39a,1267.39,13,0.07692307692307693,4.769230769230769,9.615259778317445e-05,0.9483668341406405
c8c1bea22194a4eefa2dc9a9fa89f536,1266.0,7,0.0,5.0,9.60471431788943e-05,0.9484628812838194
2646baaf662d4d92ac48f047e35db92d,1263.05,15,0.13333333333333333,4.466666666666667,9.582333664463069e-05,0.948558704620464
9ed65337433adfbedefd23dd76eaa494,1262.6,6,0.0,4.833333333333333,9.578919666482776e-05,0.9486544938171289
da7039f29f90ce5b4846ffc0fcc93beb,1259.1,17,0.058823529411764705,4.529411764705882,9.552366348858279e-05,0.9487500174806174
9140bd1d9de28b197dce077bdd687438,1258.87,6,0.0,4.166666666666667,9.55062141655724e-05,0.9488455236947829
8a9260f2b0340411d6d2a56bcf4f7378,1256.0,8,0.125,4.75,9.528847696105153e-05,0.948940812171744
b8578d2d823bd8e251f6fdd02b40902d,1255.6,9,0.0,4.444444444444445,9.525813031233783e-05,0.9490360703020563
734def04b237117a09321dd6d8f3f2a2,1252.43,2,0.0,5.0,9.501763312128168e-05,0.9491310879351775
402916f742e5c740cc751493d9cf5053,1252.0,9,0.0,4.666666666666667,9.498501047391443e-05,0.9492260729456514
30a81d8cf85fb2ada1b1b094c9583a95,1245.42,17,0.0,4.823529411764706,9.44858081025739e-05,0.949320558753754
3fac58ce0ad699020c7944d53c41329c,1244.95,10,0.2,4.4,9.445015079033529e-05,0.9494150089045443
671585f5a2af58b6e276bc01003c0d2b,1244.0,27,0.0,4.703703703703703,9.437807749964022e-05,0.949509386982044
5d76d80a2f5f39c891b996a1bf4c9853,1238.5,6,0.0,4.833333333333333,9.39608110798267e-05,0.9496033477931238
67225bff54a172ff67579aaf583efd78,1238.0,8,0.125,4.5,9.392287776893456e-05,0.9496972706708927
058cb5aeb36d7c0fcae20fc85d5e0a59,1236.0,11,0.09090909090909091,3.8181818181818183,9.3771144525366e-05,0.9497910418154181
4fb41dff7c50136976d1a5cf004a42e2,1230.0,3,0.3333333333333333,4.0,9.331594479466035e-05,0.9498843577602127
a36ac007a4d18f865c8d32c3b2402c2d,1229.79,8,0.0,2.75,9.330001280408564e-05,0.9499776577730168
7daca0837f033a41a6f3428c18657533,1228.98,7,0.2857142857142857,3.5714285714285716,9.323856084044038e-05,0.9500708963338572
2d518637f53161b973e01f56ea4bb88e,1219.8899999999999,13,0.0,4.923076923076923,9.25489332484213e-05,0.9501634452671056
9c4d31c7e46ab03a43fc06e3142afd4e,1218.9,2,0.0,4.5,9.247382529285488e-05,0.9502559190923985
7a425d299613df3e613bcf9d2eaf5c49,1218.8,18,0.05555555555555555,4.111111111111111,9.246623863067644e-05,0.9503483853310292
52f9db5cfb423382a2fa5c9e39303202,1218.78,21,0.0,4.285714285714286,9.246472129824075e-05,0.9504408500523274
2cb6eb1b7185064167657fa09f541105,1217.9,6,0.0,4.5,9.23979586710706e-05,0.9505332480109985
002100f778ceb8431b7a1020ff7ab48f,1216.6,50,0.18,3.96,9.229933206275103e-05,0.9506255473430613
093805f8f2aeb63881444571e1f48f30,1215.79,22,0.045454545454545456,4.181818181818182,9.223788009910577e-05,0.9507177852231604
f9d010e39375d9c91dce3f40b73a2f84,1212.0,4,0.25,3.5,9.195034560254337e-05,0.9508097355687629
f08c008c8a8d31417763738a1788a2a8,1211.92,20,0.15,3.4210526315789473,9.194427627280063e-05,0.9509016798450357
788e857f317e53de488d393e65a80f45,1210.0,11,0.0,4.909090909090909,9.179861235897481e-05,0.9509934784573947
6426d21aca402a131fc0a5d0960a3c90,1209.64,23,0.043478260869565216,4.173913043478261,9.177130037513248e-05,0.9510852497577699
b566ab0ef88016e00422755e305103c6,1208.0,5,0.2,3.2,9.164687911540625e-05,0.9511768966368853
01fd077212124329bac32490e8ef80d9,1208.0,31,0.03225806451612903,4.161290322580645,9.164687911540625e-05,0.9512685435160008
bc07d855eac23aab5ac8a120f21d16b2,1202.62,11,0.18181818181818182,4.454545454545454,9.123871669020684e-05,0.951359782232691
7238f877570096ae403c51898fa64566,1200.0,3,0.0,5.0,9.103994614113204e-05,0.9514508221788321
6bef34c5be6f2bbd70aa5165f6df94b1,1198.0,2,0.0,2.0,9.088821289756348e-05,0.9515417103917297
11fb6f6d341adbe19e81733701704635,1197.0,3,0.0,5.0,9.08123462757792e-05,0.9516325227380055
a20d8058c866dbaeca014d2cd20ac62e,1194.0,2,0.5,5.0,9.058474641042639e-05,0.9517231074844159
f235413f677777a0738ff215d0184901,1191.98,2,0.0,5.0,9.043149583442215e-05,0.9518135389802503
d8c7ba53e7e38711eaef8c2849d6d2e1,1190.87,22,0.0,4.5,9.034728388424159e-05,0.9519038862641346
c0098efcf800861dcae589affca31408,1189.28,9,0.1111111111111111,4.777777777777778,9.02266559556046e-05,0.9519941129200902
1710c3aaa9c6b44ec3883ee0fe300e21,1188.9,2,0.0,5.0,9.019782663932657e-05,0.9520843107467295
c273175f7c6c80fb02f051e2fc6d0d72,1188.23,14,0.07142857142857142,3.7857142857142856,9.014699600273111e-05,0.9521744577427322
1dcfa3835714681d4ba4a93bc1e0fd41,1186.6000000000001,12,0.0,4.2727272727272725,9.002333340922274e-05,0.9522644810761415
439a47cc365d6e3bd526812ea9de3c29,1186.5,8,0.125,4.25,9.001574674704431e-05,0.9523544968228885
0afccdb8a34ee5c79f7c06faf2b4d56e,1185.6,24,0.08333333333333333,4.086956521739131,8.994746678743845e-05,0.952444444289676
3092c0b297aacfb4bb6e056ebe13b9b8,1184.3000000000002,16,0.0,4.125,8.984884017911892e-05,0.9525342931298552
a5259c149128e82c9d6d46e0c1c812bb,1182.26,8,0.0,3.875,8.969407227067897e-05,0.9526239872021258
7ff588a03c2aeae4fbd23f9ae64b760d,1182.2,14,0.0,4.642857142857143,8.968952027337193e-05,0.9527136767223991
2709af9587499e95e803a6498a5a56e9,1180.56,25,0.12,3.9583333333333335,8.95650990136457e-05,0.9528032418214128
327b89b872c14d1c0be7235ef4871685,1177.0,3,0.6666666666666666,2.3333333333333335,8.929501384009368e-05,0.952892536835253
b1aaae6b66ad3c40f54b389d7ea4bee0,1176.5,15,0.0,4.4,8.925708052920154e-05,0.9529817939157822
dbec9a0a7efeff029d4d9dce7dc4cc95,1170.0,3,0.0,4.0,8.876394748760375e-05,0.9530705578632698
f1b854361f4e15d5851b494df66f22b2,1168.8,3,0.0,3.3333333333333335,8.86729075414626e-05,0.9531592307708112
8629c241b3622ac12cd4118afdc8d394,1167.66,13,0.07692307692307693,4.076923076923077,8.858641959262854e-05,0.9532478171904039
5ee7fd217d08dfe5d3e2f51f96a12c9a,1165.5,9,0.2222222222222222,3.4444444444444446,8.84225476895745e-05,0.9533362397380934
c8e135e7b21ecbc36c1153a29d2f5a06,1165.5,7,0.0,4.857142857142857,8.84225476895745e-05,0.953424662285783
57c764b4a836300be881e2ff86e449f9,1156.1000000000001,28,0.14285714285714285,4.222222222222222,8.770940144480231e-05,0.9535123716872278
d1c7fa84e48cfa21a0e595167c1c500e,1156.03,12,0.0,4.333333333333333,8.770409078127739e-05,0.9536000757780091
d1b9d4be4b6f9ebd85f8acd6745ba612,1154.35,11,0.0,4.181818181818182,8.75766348566798e-05,0.9536876524128658
2d378dbb39815785238c0139c7647fb7,1154.0,2,0.0,5.0,8.755008153905532e-05,0.9537752024944048
c35672b10ad50968f567ea3f4b91e877,1150.57,18,0.05555555555555555,4.5,8.728985902633524e-05,0.9538624923534311
5fd924b4836098a5be0ecf81ba054ce0,1148.8,7,0.0,4.0,8.715557510577708e-05,0.9539496479285369
1d2732ef8321502ee8488e8bed1ab8cd,1148.0,4,0.25,3.0,8.709488180834965e-05,0.9540367428103452
d4910f1cdcfdabd48d6b316e395d4a23,1146.88,11,0.09090909090909091,4.909090909090909,8.700991119195127e-05,0.9541237527215372
10ff823eda2b032e2c93d17a7d294736,1144.98,8,0.0,4.25,8.686576461056113e-05,0.9542106184861477
5f3ae9136c875522250f8184f253413a,1143.05,42,0.07142857142857142,4.642857142857143,8.671934203051748e-05,0.9542973378281783
1ca4bdb0cd7fc48e949bac066188ed26,1140.0,3,0.3333333333333333,5.0,8.648794883407544e-05,0.9543838257770123
5b97c06a046398e7005b2b7c0d707a92,1139.97,3,0.6666666666666666,4.0,8.648567283542191e-05,0.9544703114498477
10089e9f2fd0c668a8fd4e52e1698888,1139.9,3,0.0,4.333333333333333,8.648036217189702e-05,0.9545567918120196
5f26c1408a65b42a7224cd463bdf3292,1139.8,10,0.0,4.8,8.647277550971858e-05,0.9546432645875293
6b89abe95848c850399130d149a39b63,1135.2,8,0.0,4.375,8.612378904951091e-05,0.9547293883765788
5b07547f10dd980738a1a27f685af669,1134.6000000000001,13,0.15384615384615385,4.461538461538462,8.607826907644035e-05,0.9548154666456553
713e3a23ca5e47786eb6f0d99f94cfac,1126.0,4,0.0,4.75,8.542581612909557e-05,0.9549008924617844
138dbe45fc62f1e244378131a6801526,1125.56,49,0.04081632653061224,4.081632653061225,8.539243481551049e-05,0.9549862848966
c878515173c84a492ebe50d6b493230b,1118.84,9,0.2222222222222222,4.111111111111111,8.488261111712014e-05,0.9550711675077171
cda598c48d7c614bc1cad7d8ff6f0010,1118.6000000000001,17,0.0,4.0588235294117645,8.486440312789193e-05,0.9551560319108451
365e445f796710c3431557e85caa25db,1115.0,4,0.0,4.5,8.459128328946852e-05,0.9552406231941345
1b65c144b17e607c0f37f10bb7dfec8d,1109.5,5,0.0,2.0,8.4174016869655e-05,0.9553247972110042
b586cd24c010a13916af621b0325fbba,1108.94,6,0.0,3.8333333333333335,8.41315315614558e-05,0.9554089287425657
6c6cc59a5c00cacc5054ca06d65cc282,1107.0,1,0.0,5.0,8.398435031519431e-05,0.9554929130928809
abc015ebac1d283a323ca9db35ede4b9,1106.8,12,0.0,4.416666666666667,8.396917699083745e-05,0.9555768822698717
a425f92c199eb576938df686728acd20,1106.3,16,0.0,4.5,8.393124367994532e-05,0.9556608135135516
457fe919b032a3f7dadba6fb92cf7855,1104.89,9,0.1111111111111111,4.777777777777778,8.38242717432295e-05,0.9557446377852948
48328ec9a579151d9cc6a86d4a59336c,1099.0,1,0.0,2.0,8.33774173409201e-05,0.9558280152026357
4b39558c138930b9e5489c93b6df5fe3,1096.7,4,0.0,4.5,8.320292411081626e-05,0.9559112181267465
b55638ad525e906c698fa2ce742c1742,1094.8,11,0.18181818181818182,4.181818181818182,8.305877752942613e-05,0.955994276904276
75fbb52eda0cbc24f479d3b2fbfa8d3e,1094.19,38,0.05263157894736842,4.447368421052632,8.301249889013774e-05,0.956077289403166
119d1aef1b4144adba89163f6cd9f5d4,1094.0,4,0.0,4.75,8.299808423199872e-05,0.956160287487398
8b655f0855926bcb49f5835d38dfddf6,1089.5,5,0.2,4.8,8.265668443396946e-05,0.956242944171832
e504a4e2efaa45cbff7e268a2c58c956,1088.9,10,0.3,3.8,8.26111644608989e-05,0.9563255553362928
f205b1a3ca9a34e0f8a228bae6e4c7b3,1088.0,8,0.0,4.875,8.254288450129305e-05,0.9564080982207941
76ea5315acb3f5f7ade3cd261faf922a,1087.06,15,0.06666666666666667,4.266666666666667,8.247156987681583e-05,0.9564905697906709
fe87f472055fbcf1d7e691c00b1560dc,1085.8,6,0.16666666666666666,4.5,8.237597793336764e-05,0.9565729457686043
e48cc16ab70bfa09e1401740dce0b3d7,1084.83,14,0.07142857142857142,3.5714285714285716,8.230238731023689e-05,0.9566552481559145
39f776d2974049026ff531fc42ef2a3e,1084.04,3,0.0,3.6666666666666665,8.224245267902731e-05,0.9567374906085936
71dc18fd8cbf5fd77f45dd8b427abb34,1080.0,4,0.0,5.0,8.193595152701883e-05,0.9568194265601206
4091f77d8c768fc3e81c20761471761d,1079.0,8,0.25,2.75,8.186008490523456e-05,0.9569012866450258
4736e9d642ef4257cd7622516931eb51,1078.8700000000001,16,0.0,4.125,8.185022224440262e-05,0.9569831368672702
03a2a6dcbe45d639c4dc2a0d24769c40,1078.41,9,0.1111111111111111,4.111111111111111,8.181532359838184e-05,0.9570649521908686
a066df7361163e7ddc5d7452dd17448b,1078.3,15,0.2,4.4,8.180697826998556e-05,0.9571467591691386
577719699805dd125d5b6fdde5943bba,1077.8000000000002,8,0.125,4.375,8.176904495909344e-05,0.9572285282140977
167fd940acebc789debd6eb418c46e38,1077.58,5,0.2,3.0,8.175235430230089e-05,0.9573102805684
3d4b1ae7539303b5704493798893e82c,1076.0,6,0.0,4.833333333333333,8.163248503988173e-05,0.9573919130534398
6562efe88ce0826a4ca4f189f03b4b84,1076.0,8,0.125,3.875,8.163248503988173e-05,0.9574735455384797
4cf490a58259286ada5ba8525ba9e84a,1075.3,7,0.0,3.4285714285714284,8.157937840463273e-05,0.9575551249168843
596849622429351f47b32e6cae1055ff,1069.8,13,0.0,4.083333333333333,8.116211198481921e-05,0.9576362870288692
334cab711dee080b079fa5779b584783,1069.7,11,0.0,4.909090909090909,8.115452532264079e-05,0.9577174415541918
b18871c324516afa228a13e8f1ef0ae9,1064.6,9,0.1111111111111111,3.4444444444444446,8.076760555154097e-05,0.9577982091597433
eb72802c83dc7547529c9546d1a9b8ef,1063.92,8,0.0,4.625,8.071601624872767e-05,0.957878925175992
8fbd63429be6d3e5e6d1a709b6464802,1061.4,6,0.0,4.833333333333333,8.05248323618313e-05,0.9579594500083539
b2eecf5ea250510da76590ca79d60e5d,1060.0,9,0.0,5.0,8.041861909133331e-05,0.9580398686274453
1464afc72f696af775557a821c2e253f,1059.36,29,0.034482758620689655,4.241379310344827,8.037006445339136e-05,0.9581202386918987
226b05fe067266c59c15dae208213d06,1056.9,10,0.0,4.5,8.018343256380205e-05,0.9582004221244624
55dedd83e501d8248880557d9073cbfd,1055.3,8,0.0,4.875,8.00620459689472e-05,0.9582804841704314
9d7a1d34a5052409006425275ba1c2b4,1054.82,13,0.07692307692307693,4.384615384615385,8.002562999049074e-05,0.958360509800422
fcf16b7a8697e559f0123190bb30177d,1052.8000000000002,3,0.6666666666666666,3.3333333333333335,7.987237941448652e-05,0.9584403821798365
4324dd16853115efb0fd9d0d131ba6f4,1052.25,12,0.08333333333333333,4.083333333333333,7.983065277250516e-05,0.958520212832609
bb135baca94c82fcb731335ad5b04a03,1049.8,18,0.0,3.0555555555555554,7.964477954913369e-05,0.9585998576121582
49067458c68f7701fd334ce326accbe0,1047.6499999999999,17,0.058823529411764705,3.3529411764705883,7.948166631229747e-05,0.9586793392784705
ea6b12bf9ffe2bac34602ec631d97a47,1047.3,9,0.0,4.333333333333333,7.945511299467299e-05,0.9587587943914652
1cbd32d00d01bb8087a5eb088612fd9c,1045.47,11,0.09090909090909091,4.181818181818182,7.931627707680777e-05,0.958838110668542
c03121937e54a93fcc1825c3098bbb6e,1043.0,7,0.0,5.0,7.91288865210006e-05,0.9589172395550629
89f69225956f951295ca4c7fb1266553,1041.3,11,0.09090909090909091,4.2727272727272725,7.899991326396733e-05,0.9589962394683269
1bc2e21de46adfea6b98cc96b00f3b40,1039.95,3,0.0,3.3333333333333335,7.889749332455856e-05,0.9590751369616515
633ecdf879b94b5337cca303328e4a25,1037.6000000000001,6,0.6666666666666666,1.8,7.871920676336552e-05,0.9591538561684149
7df1fc11cc5cbc518b39faa60cf5d67c,1037.6,5,0.0,4.2,7.87192067633655e-05,0.9592325753751783
c54679b132454625907c773d273d4126,1032.0,7,0.0,4.857142857142857,7.829435368137356e-05,0.9593108697288596
8c5e007d7bd5693fa1386ffefbc99f6c,1029.11,9,0.0,4.333333333333333,7.807509914441699e-05,0.959388944828004
8f2b51a30523cdecddc2f179f351c7d6,1027.9,7,0.0,4.142857142857143,7.798330053205802e-05,0.9594669281285361
76c47a299e4a8fe992316a85865acbe9,1024.46,6,0.3333333333333333,4.666666666666667,7.772231935312012e-05,0.9595446504478892
e58a5b390e28abc0b216cfb0e07d27d7,1022.6,7,0.0,4.857142857142857,7.758120743660136e-05,0.9596222316553258
26785a546900236d66f2e4197c211158,1019.2,15,0.0,4.666666666666667,7.732326092253482e-05,0.9596995549162484
7aa538dd6e114e503a2e6154ea352253,1016.6800000000001,5,0.0,4.4,7.713207703563844e-05,0.959776686993284
a13aaf2d2886ab9fb30fb9a920160b8f,1011.52,4,0.25,4.5,7.674060526723157e-05,0.9598534275985512
28872dc528e978a639754bc8c2ce5a4c,1009.9,1,0.0,5.0,7.661770133994104e-05,0.9599300452998911
5b664594895aefb418afaee6d40a9a23,1008.8,16,0.0,3.9375,7.653424805597833e-05,0.9600065795479471
00720abe85ba0859807595bbf045a33b,1007.5,13,0.15384615384615385,3.6153846153846154,7.643562144765878e-05,0.9600830151693948
fb3cfbc8a86f5d7fbb4d36b8df63f60d,1007.3000000000001,10,0.0,4.2,7.642044812330192e-05,0.960159435617518
980640c45d7a4635885491d077167e4d,1004.29,14,0.07142857142857142,4.642857142857143,7.619208959173124e-05,0.9602356277071098
ef9952469137ff190bacafe117f51537,1002.66,5,0.0,4.8,7.606842699822288e-05,0.960311696134108
2379bdc3888025689a9deb7b141507d5,999.5,9,0.3333333333333333,4.333333333333333,7.582868847338456e-05,0.9603875248225814
41c9d3997dd3c072c31139dc5bb5761f,998.8,3,0.0,4.333333333333333,7.577558183813557e-05,0.9604633004044195
cb4a705d00e100b9732d0ca34817d441,998.0,1,0.0,1.0,7.571488854070815e-05,0.9605390152929603
de9727ca376d1be6ec121b110aa7954c,997.8000000000001,9,0.1111111111111111,3.6666666666666665,7.56997152163513e-05,0.9606147150081766
b5e3e38609125694d2ea2417522a60b7,995.04,16,0.25,4.3125,7.549032334022669e-05,0.9606902053315168
7c5b05cbdb5542049f38d90d7815b97d,993.97,21,0.047619047619047616,4.523809523809524,7.540914605491752e-05,0.9607656144775718
04e38a233f726ef161074ab1c9b0399a,991.6,19,0.15789473684210525,4.105263157894737,7.522934216128878e-05,0.9608408438197331
8a43128d7f9a3db592b866e6861a6cce,990.5999999999999,3,0.0,2.3333333333333335,7.515347553950449e-05,0.9609159972952727
7ecef8194babfec876ca720714327841,990.5,7,0.14285714285714285,4.285714285714286,7.514588887732607e-05,0.96099114318415
d1582f4043306e6b91afa6a8a884f898,990.0,9,0.1111111111111111,4.111111111111111,7.510795556643393e-05,0.9610662511397164
6025c79c035c3d772133b8b8238463b2,989.74,2,0.0,5.0,7.508823024477002e-05,0.9611413393699613
edd066cd02126d7800f9b66e980e9931,987.6999999999999,6,0.16666666666666666,5.0,7.493346233633009e-05,0.9612162728322976
e84ad2127668df3aafc6b73531a0beb8,987.0,19,0.05263157894736842,4.368421052631579,7.48803557010811e-05,0.9612911531879987
7a9c12e235c36247c3c81f50d6ea9cea,983.9,5,0.0,4.6,7.464516917354984e-05,0.9613657983571723
adcf50477d6a1f5d91bb9d54c4903cb5,981.86,16,0.1875,3.5625,7.449040126510993e-05,0.9614402887584373
325f3178fb58e2a9778334621eecdbf9,981.6999999999999,36,0.0,4.444444444444445,7.447826260562443e-05,0.961514767021043
83645b1645cdee8953ee54c29ceed564,978.9,14,0.0,4.428571428571429,7.426583606462847e-05,0.9615890328571076
e0eabded302882513ced4ea3eb0c7059,978.4000000000001,8,0.0,4.625,7.422790275373633e-05,0.9616632607598613
a99504ac23ed125aaf5302af6cc30af9,978.0,1,0.0,5.0,7.419755610502262e-05,0.9617374583159664
8e670472e453ba34a379331513d6aab1,975.0,1,1.0,1.0,7.396995623966979e-05,0.961811428272206
3f2af2670e104d1bcb54022274daeac5,973.6,6,0.16666666666666666,3.3333333333333335,7.38637429691718e-05,0.9618852920151751
0e982cff76cc0579f632cea8a0e38c9d,971.9,6,0.0,4.333333333333333,7.373476971213853e-05,0.9619590267848873
9bc484c87d79cd4874e05ca182658045,970.0,8,0.25,4.25,7.35906231307484e-05,0.962032617408018
528bcf6680c36dddf07620bd35b33a6f,969.98,2,0.5,4.5,7.358910579831271e-05,0.9621062065138164
ec4608a1f76453166bb312b2968aeaf4,968.8100000000001,17,0.23529411764705882,3.2941176470588234,7.350034185082511e-05,0.9621797068556672
9261d76c62caaf0b24677c2ceb7f8f20,968.7,6,0.0,3.8333333333333335,7.349199652242884e-05,0.9622531988521896
9e9b539eb2806acee3f5c28085c1db9f,967.0,3,0.3333333333333333,3.6666666666666665,7.336302326539557e-05,0.9623265618754551
b19c48688808720822399ffa9f2dbe2f,959.99,1,0.0,5.0,7.283119824668779e-05,0.9623993930737017
05730013efda596306417c3b09302475,952.0,4,0.0,5.0,7.222502393863143e-05,0.9624716180976404
f0e103c63864d5405b958d984b6e94c9,951.7,11,0.0,4.7272727272727275,7.220226395209614e-05,0.9625438203615925
5b2e94f2c22b39ccc24d34ad0f669672,949.78,10,0.1,4.9,7.205660003827032e-05,0.9626158769616308
07017df32dc5f2f1d2801e579548d620,946.49,8,0.0,4.0,7.180699885260006e-05,0.9626876839604833
4f1f1c8666cdb6442f775c4e8caed465,944.98,2,0.0,5.0,7.16924402537058e-05,0.962759376400737
4e06067cc08b3f41d837768d392c3ee3,941.72,31,0.03225806451612903,4.129032258064516,7.144511506668906e-05,0.9628308215158038
69b5eaa096c3f9d1e5c398c597f567d6,938.0,2,0.0,5.0,7.116289123365154e-05,0.9629019844070374
79a679c36c08d606b3fd47ead9de109b,935.0,3,0.3333333333333333,2.0,7.093529136829872e-05,0.9629729196984057
db46ca7bce82b11f7e247539271fc390,933.97,16,0.0,4.5625,7.085714874786091e-05,0.9630437768471536
bc47d5d1490df2b36add65d733eafaba,929.8,21,0.09523809523809523,3.5238095238095237,7.054078493502048e-05,0.9631143176320887
4ebdc7e6cd6102a022dadc49156d4ea8,928.6999999999999,29,0.034482758620689655,3.793103448275862,7.045733165105777e-05,0.9631847749637397
c8025364abeecb115431bf95c11a747f,928.0,2,0.5,4.5,7.040422501580877e-05,0.9632551791887555
20b54c376b794ed028df09a3cd88e8dc,927.87,7,0.2857142857142857,3.7142857142857144,7.039436235497682e-05,0.9633255735511105
4b1eaadf791bdbbad8c4a35b65236d52,927.5999999999999,4,0.25,2.0,7.037387836709507e-05,0.9633959474294775
343e716476e3748b069f980efbaa294e,922.5999999999999,17,0.0625,4.3125,6.999454525817368e-05,0.9634659419747357
2d42ebcda99fd55f6f4bc2f1ca035d50,921.5,10,0.0,4.3,6.991109197421098e-05,0.9635358530667099
ef2fbc2b607d8492bcffe657a4645434,920.9,19,0.10526315789473684,4.0,6.986557200114042e-05,0.963605718638711
670a9dda115b5a88b18cfadee8de2332,918.9000000000001,11,0.0,4.454545454545454,6.971383875757186e-05,0.9636754324774686
7d7d2b7a51328016102d4528c411d630,918.8,7,0.14285714285714285,4.142857142857143,6.970625209539343e-05,0.9637451387295639
1caf283236cd69af44cbc09a0a1e7d32,917.6,33,0.09090909090909091,4.606060606060606,6.96152121492523e-05,0.9638147539417131
dc7192adf8ba09569261f4a8d576afe0,917.0,7,0.0,3.857142857142857,6.956969217618174e-05,0.9638843236338893
e9729944ba65dc3ce425e0c5a22ae7b2,916.7,4,0.25,3.75,6.954693218964645e-05,0.963953870566079
32e5635e63cb374eb63afdd242fb6134,910.0,1,0.0,5.0,6.90386258236918e-05,0.9640229091919026
70849ca4f400aaabb62cb7462a6f1428,909.58,12,0.16666666666666666,4.416666666666667,6.90067618425424e-05,0.9640919159537451
3f9c56764fabca627406093dcb3ef0b4,909.3000000000001,7,0.0,4.714285714285714,6.898551918844281e-05,0.9641609014729335
08d2d642cf72b622b14dde1d2f5eb2f5,909.0,16,0.1875,4.3125,6.896275920190753e-05,0.9642298642321354
e5cbe890e679490127e9a390b46bbd20,908.99,2,0.0,4.5,6.896200053568968e-05,0.9642988262326712
4a1f694197d05fe70026b016a7316b41,907.77,14,0.07142857142857142,4.571428571428571,6.886944325711287e-05,0.9643676956759283
e250d617a0ad591ba9bd663e584a895d,904.12,8,0.0,3.5,6.859253008760025e-05,0.9644362882060159
ae45df84722b1d15c5f32b23a095746c,901.8299999999999,9,0.0,4.777777777777778,6.841879552371425e-05,0.9645047070015396
e1c76f339ebd5460999f25a2aa8c92c5,899.9,1,0.0,5.0,6.82723729436706e-05,0.9645729793744833
b45d7ebfb7378630f1bcd74b6ff86ff7,899.6999999999999,3,0.0,4.333333333333333,6.825719961931375e-05,0.9646412365741026
7dc9a3355bae96dd82008b313d3a456c,899.0,1,0.0,5.0,6.820409298406476e-05,0.9647094406670866
e51f22821f0c12a16ad5c020cdcd55e9,898.71,4,0.0,4.75,6.818209166374732e-05,0.9647776227587503
f8201cab383e484733266d1906e2fdfa,889.0,10,0.2,4.1,6.744542676622199e-05,0.9648450681855165
160e4f13fd3a64b1b86807be88b5ffb0,886.0,4,0.0,4.25,6.721782690086915e-05,0.9649122860124174
e1dc0754bada9ee4cfe9713f22f61292,885.0,12,0.0,3.8333333333333335,6.714196027908489e-05,0.9649794279726965
ffad1e7127fb622cb64a900751590acd,884.3,10,0.0,4.8,6.708885364383588e-05,0.9650465168263404
8fdca8e349553f99bc738833a62c8802,881.35,21,0.047619047619047616,4.15,6.686504710957227e-05,0.96511338187345
48985c61529077fa4f1e38bcff0f2ed3,879.3000000000001,7,0.0,4.428571428571429,6.67095205349145e-05,0.9651800913939849
3c3017960b2dbd72711a61f0400aab8f,878.9000000000001,9,0.0,3.888888888888889,6.66791738862008e-05,0.9652467705678711
134a288e7de827ec5ec62e3ec9c3a295,877.45,9,0.0,4.777777777777778,6.656916728461359e-05,0.9653133397351558
17eea220a40cc0d2c0c5346379682398,875.98,3,0.6666666666666666,3.6666666666666665,6.64576433505907e-05,0.9653797973785063
1f867308a0ce13133a4e639ff4de0c02,875.1,7,0.0,4.142857142857143,6.639088072342055e-05,0.9654461882592298
cac63f48c38cd7d002a7e846dcd99a23,874.0,10,0.0,4.8,6.630742743945784e-05,0.9655124956866692
3d621842b2ed28e2b474132480edac3c,873.9300000000001,8,0.0,4.625,6.630211677593295e-05,0.9655787978034451
efff9341f3f8f5237b44ff67ed36a7bf,872.99,5,0.0,4.4,6.623080215145571e-05,0.9656450286055965
9c690ceacd5c66731bf443ea810195cb,871.8,10,0.0,4.3,6.614052087153243e-05,0.965711169126468
04fdea0c111866e6cf812f1570d6b5bd,865.0,8,0.125,3.5,6.562462784339935e-05,0.9657767937543115
a67780aba9dd436e7ac0aa1f889e73ec,863.0,6,0.3333333333333333,3.6666666666666665,6.547289459983079e-05,0.9658422666489113
41da412d33e8da4f22baf55cb1bde82c,862.9,15,0.0,4.666666666666667,6.546530793765237e-05,0.9659077319568489
6a8a889bde935bafa76d7848782dfaf9,860.8199999999999,26,0.07692307692307693,4.038461538461538,6.530750536434106e-05,0.9659730394622132
5011f0d93373a4c5753adf58ca77af8d,859.52,11,0.09090909090909091,4.090909090909091,6.520887875602151e-05,0.9660382483409693
c4fabeea6e569d42d02993bb1f4f1cbc,859.3000000000001,11,0.09090909090909091,4.0,6.519218809922898e-05,0.9661034405290685
2c43fb513632d29b3b58df74816f1b06,858.0,3,0.0,3.6666666666666665,6.509356149090941e-05,0.9661685340905594
e8dba4d70f7f2b20e775d09cae01142d,855.91,9,0.1111111111111111,4.333333333333333,6.493500025138027e-05,0.9662334690908108
bf00385a5f7fc1ef39a13c2e9ee50a5f,855.4,28,0.0,4.428571428571429,6.489630827427028e-05,0.966298365399085
9198786624eaeb375793215cad26cfa6,854.4,8,0.0,4.0,6.482044165248602e-05,0.9663631858407374
d101c6da914ae3d53f7bee42283f2fe2,851.1,9,0.1111111111111111,3.2222222222222223,6.45700818005979e-05,0.966427755922538
f783a638e9c6af4a7d0dbfde811e7a81,849.8,5,0.2,4.0,6.447145519227833e-05,0.9664922273777303
1099a00e0ee3a50935e6c2447ca090c5,849.6999999999999,3,0.3333333333333333,3.6666666666666665,6.446386853009991e-05,0.9665566912462604
4221a7df464f1fe2955934e30ff3a5a1,849.5,5,0.0,4.8,6.444869520574306e-05,0.9666211399414661
010da0602d7774602cd1b3f5fb7b709e,849.5,1,0.0,1.0,6.444869520574306e-05,0.9666855886366719
a0d7fbb07bb5ebc3b05980e750db56f3,848.99,3,0.0,2.3333333333333335,6.441000322863307e-05,0.9667499986399005
3dbbce181edfaa4a597ec858c382d2ec,848.3,17,0.11764705882352941,4.235294117647059,6.435765525960193e-05,0.9668143562951601
fe1b067411b8c5066e962aa146ccee03,847.78,8,0.0,4.625,6.43182046162741e-05,0.9668786744997764
113e3a788b935f48aad63e1c41dac1bd,847.35,39,0.05128205128205128,4.315789473684211,6.428558196890686e-05,0.9669429600817453
20cb7c2fde3e5bf10f0bbe7394e1c6a9,844.9999999999999,31,0.0967741935483871,4.096774193548387,6.410729540771381e-05,0.967007067377153
2b03ac196f5ed62ac483960fe0fa3b65,843.1,7,0.14285714285714285,4.142857142857143,6.396314882632369e-05,0.9670710305259793
ddd51ae8cda92f3995a51fc0f0f3eec7,842.6999999999999,8,0.0,4.625,6.393280217760997e-05,0.967134963328157
0791d9fc1e30678ecf03d3e55fa108d3,842.0,5,0.0,4.0,6.387969554236099e-05,0.9671988430236993
a1544b9ea0b2390e020537d4daa89049,841.2,8,0.0,3.875,6.381900224493356e-05,0.9672626620259442
a3b42d266fa8afc874b909422ce88582,839.4000000000001,1,0.0,5.0,6.368244232572187e-05,0.9673263444682699
c37b2059d4f90d4feead554e5246565e,839.3,12,0.25,3.3333333333333335,6.367485566354344e-05,0.9673900193239334
6e4f5ff6b086632ba8dcb558fb10249e,838.9,5,0.0,3.4,6.364450901482972e-05,0.9674536638329483
82cb9f452fe8334df74b22d37824b431,838.2,14,0.0,4.714285714285714,6.359140237958074e-05,0.9675172552353278
eba88037e1dca898cd02881f67ced679,838.1,6,0.16666666666666666,4.333333333333333,6.358381571740231e-05,0.9675808390510452
b81e3a6c866a764974fe849821abeebd,836.1500000000001,8,0.0,4.625,6.343587580492297e-05,0.9676442749268501
28f10b1c5e5abb9d4857745bede6147c,835.0,28,0.21428571428571427,4.0,6.334862918987105e-05,0.96770762355604
297d5eccd19fa9a83b2630071ff105e4,834.97,8,0.0,5.0,6.334635319121752e-05,0.9677709699092312
1bb3812d5f0747a3ab7348f199001a10,834.4000000000001,9,0.0,4.888888888888889,6.33031092168005e-05,0.9678342730184479
91543f9849d68d023e17194926598543,834.0,4,0.0,4.5,6.327276256808677e-05,0.967897545781016
c00396cbdd2e088fe4281baa5920aef1,832.4100000000001,1,0.0,5.0,6.315213463944977e-05,0.9679606979156555
9485a23c0430ba1d58d359391606fce6,830.9,4,0.25,3.75,6.30375760405555e-05,0.9680237354916961
8602a61d680a10a82cceeeda0d99ea3d,826.99,17,0.058823529411764705,4.411764705882353,6.274093754937899e-05,0.9680864764292455
1cd9e0cc1839d55516843def5600816d,825.0,5,0.0,5.0,6.258996297202828e-05,0.9681490663922175
51e4e89242cbb846c2deff3dc015650e,822.58,16,0.0,4.625,6.240636574731034e-05,0.9682114727579648
10076e5788b8ee532724bcd460baf762,821.48,23,0.043478260869565216,4.565217391304348,6.232291246334763e-05,0.9682737956704282
28ea411b354f14b1a494be4e79f0ce02,820.0,6,0.16666666666666666,4.666666666666667,6.221062986310689e-05,0.9683360063002913
973f21788dfab357250f69a8dcb7ddee,819.0,9,0.5555555555555556,2.111111111111111,6.213476324132261e-05,0.9683981410635326
0aa2205ca24f113f4658a5c536667426,815.62,4,0.0,4.0,6.187833405969177e-05,0.9684600193975923
63a79f5a7eb5cb48a7e5787b141c7993,815.1,11,0.0,4.545454545454546,6.183888341636395e-05,0.9685218582810087
daf565f087a52def0fd5c5825b3661bc,813.9000000000001,9,0.1111111111111111,3.625,6.174784347022282e-05,0.9685836061244789
dc64d75cc406bb0697be983831430e60,813.0,4,0.0,4.75,6.167956351061696e-05,0.9686452856879896
a1bea7061f61f6fdd9a85a6325ba1033,810.95,9,0.1111111111111111,4.444444444444445,6.152403693595919e-05,0.9687068097249255
725af026f869236a8dd0ceb98564d156,810.72,5,0.0,4.4,6.150658761294881e-05,0.9687683163125385
5996cddab893a4652a15592fb58ab8db,810.0,1,0.0,5.0,6.145196364526414e-05,0.9688297682761837
700f03c207639c22d933381ff60b35c2,809.88,3,0.6666666666666666,3.6666666666666665,6.144285965065002e-05,0.9688912111358343
bd4431c1a8dfa744b59e1e2a8bc99b9e,809.5,7,0.0,4.571428571428571,6.1414030334372e-05,0.9689526251661686
14ee35374a7876217954b5fa08e50463,809.0,6,0.16666666666666666,4.333333333333333,6.137609702347986e-05,0.9690140012631921
ba5daa4041e1f15cdf34b76e3e18a450,806.8000000000001,15,0.0,4.266666666666667,6.120919045555445e-05,0.9690752104536478
caa9bc43a9fe8cf9c564ddd8a03cc4a6,803.87,13,0.07692307692307693,4.666666666666667,6.098690125372651e-05,0.9691361973549015
b5abf4f36adc043117b4fca82c22984c,803.0999999999999,8,0.25,3.125,6.0928483954952613e-05,0.9691971258388565
a72c2f59332659e361d647515c698798,802.9,5,0.0,4.8,6.091331063059576e-05,0.9692580391494872
11eac105f3f90a9b87b19c89d91e24f3,802.89,5,0.0,3.6,6.091255196437792e-05,0.9693189517014515
ba6b4a237f92479743cf0ca06b67a9ac,801.89,8,0.125,4.25,6.083668534259364e-05,0.9693797883867942
557f22c76691849db52d2abccf0015d0,799.87,12,0.0,3.272727272727273,6.0683434766589404e-05,0.9694404718215608
253f95b3a0e6983ae18aed49fbc2b845,799.5,5,0.0,4.4,6.0655364116529226e-05,0.9695011271856773
9c7fd21e0aa159b20da593371f08ff7c,798.3000000000001,7,0.14285714285714285,3.2857142857142856,6.0564324170388095e-05,0.9695616915098476
13511db12ac61e2f89c53b72a944a60b,798.0,6,0.16666666666666666,3.5,6.054156418385281e-05,0.9696222330740315
365e4bce19bda0082c3d15d83fdb8bcd,796.4,6,0.0,4.666666666666667,6.0420177588997965e-05,0.9696826532516205
5a05a16bb50629ee31afab8a6d4c2674,794.3,14,0.07142857142857142,4.214285714285714,6.026085768325098e-05,0.9697429141093038
e3a386fc36e22064434e1fa256f6a9fa,793.9,16,0.1875,4.1875,6.023051103453727e-05,0.9698031446203383
0d4c8269e7f0401201794deef160edd6,792.64,3,0.0,3.6666666666666665,6.013491909108909e-05,0.9698632795394294
4ef4c39cf3c24f326434cf0b2e48046a,792.0,7,0.14285714285714285,3.7142857142857144,6.0086364453147146e-05,0.9699233659038825
52956b80ae65fda598f06f6b9943e7a9,792.0,3,0.3333333333333333,4.0,6.0086364453147146e-05,0.9699834522683356
515d781150feed28a6ac091bb0e3cb8c,789.95,5,0.0,4.0,5.9930837878489386e-05,0.9700433831062141
134b867a0f7f8bbe6abf10f91874891e,789.89,1,0.0,4.0,5.992628588118232e-05,0.9701033093920952
f9eedec3129e8cc6b6429c42d0808c5b,789.8,2,0.0,4.5,5.9919457885221736e-05,0.9701632288499804
2305ab43e846518f58dd9d59f3f54e96,788.89,3,0.0,3.6666666666666665,5.9850419259398044e-05,0.9702230792692398
4c61e37f664c3c88aff092aa5ac779d7,788.3100000000001,7,0.2857142857142857,4.0,5.980641661876317e-05,0.9702828856858585
3492e68f37fd1df87f4f2f2ea247f445,787.86,8,0.125,3.875,5.9772276638960244e-05,0.9703426579624975
da03c298e3999e9d828591fc2179d109,787.7,4,0.0,4.75,5.976013797947476e-05,0.970402418100477
1cbd50a8c52e6cf8e315c5709fab386f,785.97,9,0.1111111111111111,3.7777777777777777,5.962888872378796e-05,0.9704620469892008
9d681c7e12db302cb261e721040dde65,785.6,13,0.0,4.923076923076923,5.960081807372778e-05,0.9705216478072746
9535a841eecebed61a9fb1ac1cbb5597,784.9,2,0.0,3.0,5.9547711438478785e-05,0.970581195518713
de09d00cfc265b8804c7df34075a68fa,784.0,3,0.0,3.3333333333333335,5.947943147887293e-05,0.9706406749501919
5f06030071324cc52bf0304014ac7234,783.96,4,0.0,4.0,5.9476396814001564e-05,0.9707001513470059
6b9b80d53ba3676eafe60268a810b5a1,783.7,9,0.0,4.222222222222222,5.9456671492337653e-05,0.9707596080184983
d4f117125b59ce73c3302f88ee40c458,783.29,17,0.0,4.823529411764706,5.942556617740609e-05,0.9708190335846757
ef30892870c278497523264be1be2241,783.2,9,0.0,4.555555555555555,5.9418738181445514e-05,0.9708784523228572
52a52b9f656520e99716f5bc40f661c8,783.0999999999999,7,0.0,4.0,5.941115151926708e-05,0.9709378634743765
41c2bad7229b0c25e6becf179ebf63ff,782.0,20,0.0,4.95,5.932769823530438e-05,0.9709971911726119
11742f81550ac064cc9a40f67151d9ad,781.9,2,0.0,5.0,5.932011157312595e-05,0.971056511284185
70bf57d811208f8923b41bbd499a67a4,780.8000000000001,7,0.0,4.142857142857143,5.923665828916325e-05,0.9711157479424741
e560e4022d8f7aebf155db95946c5c0f,780.0,2,0.0,5.0,5.9175964991735826e-05,0.9711749239074658
cb6c9f5888a7a090c75beaf615925792,779.8900000000001,11,0.09090909090909091,3.8181818181818183,5.9167619663339566e-05,0.9712340915271291
6524b847b982cd56bb5d4b02b776ee42,779.8,1,1.0,4.0,5.9160791667378967e-05,0.9712932523187965
4deebb3199eeafb282ae33229144f94b,779.7,4,0.25,4.0,5.915320500520055e-05,0.9713524055238016
5a413ade68e8f8d93071a7f52a64cb9e,778.9,14,0.14285714285714285,4.642857142857143,5.909251170777312e-05,0.9714114980355094
817f85dbb65aa3e70831d90fe75cdf89,778.87,5,0.0,4.8,5.909023570911959e-05,0.9714705882712186
68f86ba270525243e68ae74044f992b9,777.5,10,0.1,4.5,5.898629843727514e-05,0.9715295745696558
d66c11a9572221d92fbb8c4897db5f9b,776.56,16,0.0,4.5625,5.891498381279791e-05,0.9715884895534687
74636e24f01da9268b0ed88dacd8513e,776.0,4,0.25,4.0,5.887249850459872e-05,0.9716473620519732
5c3460cd3e8a984382ae254e7dd20d9f,775.76,9,0.0,4.666666666666667,5.885429051537049e-05,0.9717062163424885
d9442042130b7fe579d1295f9f4a248f,772.16,19,0.05263157894736842,4.368421052631579,5.85811706769471e-05,0.9717647975131655
e644cbadf7eeb30d0d29f335ce7d52ec,768.91,7,0.0,4.0,5.83346041561482e-05,0.9718231321173216
0ff83046c3fa22efee8ecf291888b191,768.9000000000001,10,0.0,4.8,5.8333845489930365e-05,0.9718814659628116
4a1917ef994878940e1fb03eeb787ad7,768.0,2,0.0,3.0,5.826556553032451e-05,0.9719397315283419
562f8cfc51f265411f487d07e9c40e7f,766.9200000000001,13,0.15384615384615385,4.538461538461538,5.81836295787975e-05,0.9719979151579207
6f83d9e4da896daae20b9b6b2d3ff8d2,765.19,11,0.0,4.363636363636363,5.805238032311069e-05,0.9720559675382437
0b36063d5818f81ccb94b54adfaebbf5,765.0,1,0.0,5.0,5.803796566497168e-05,0.9721140055039087
5acd070dd3fe441bbb2ec1f1ede515ee,764.17,7,0.42857142857142855,3.0,5.7974996368890725e-05,0.9721719805002775
2063dd1b9f568df1c16741ea7d3e6adb,763.1,3,0.0,5.0,5.7893819083581555e-05,0.9722298743193611
81783131d2a97c8d44d406a4be81b5d9,761.8399999999999,8,0.125,4.5,5.779822714013336e-05,0.9722876725465013
39c763cca83e654764b7a4a650fb9b7c,761.0,11,0.18181818181818182,3.8181818181818183,5.773449917783457e-05,0.9723454070456791
a56e351445e5863fc8960640ba9190c7,760.9200000000001,3,0.3333333333333333,4.333333333333333,5.7728429848091834e-05,0.9724031354755271
ca77545ca4d2dfd1431bf61334e2fa3c,760.0,6,0.0,4.666666666666667,5.7658632556050294e-05,0.9724607941080832
7c51de0ab286204ce75ff42bf7c10d92,759.0,4,0.0,4.5,5.7582765934266016e-05,0.9725183768740174
c1ed9e3daf6154542826a6996af0fb8c,757.5,8,0.125,4.25,5.7468966001589605e-05,0.972575845840019
458c6fa920810ce2492da71bc26d9eec,756.76,2,0.0,2.5,5.741282470146924e-05,0.9726332586647205
cf654707ed6a99f112c7ec3d6f314b8b,756.0,3,0.0,4.666666666666667,5.735516606891319e-05,0.9726906138307894
21c62b998a043ebe31161d38f84929fc,750.49,4,0.0,4.5,5.693714098288182e-05,0.9727475509717722
61c36f0fc4a47f9532e5512b66668e62,750.0,1,0.0,1.0,5.6899966338207524e-05,0.9728044509381104
9dc79dd988ac42f4d56c340d7048420a,749.6,4,0.0,4.75,5.686961968949382e-05,0.9728613205578
87d3c3aeb3ead335511b3ce315eb341e,749.3499999999999,15,0.06666666666666667,3.5,5.685065303404774e-05,0.972918171210834
fd435faa3c0422b60440ea3480d0e77c,749.0,1,0.0,5.0,5.682409971642325e-05,0.9729749953105504
191d55f7edb8524d525ed01b20fe32e8,747.0,3,0.3333333333333333,2.3333333333333335,5.6672366472854696e-05,0.9730316676770233
c89cf7c468a48af70aada384e722f9e2,745.0,14,0.07142857142857142,4.0,5.6520633229286146e-05,0.9730881883102526
ba6ce6de456f6c11d08c17701ba5c26f,744.35,6,0.16666666666666666,4.166666666666667,5.6471319925126364e-05,0.9731446596301777
e8a85b5f3df47be0984c55fd4064dbb4,743.0,8,0.125,4.5,5.636889998571759e-05,0.9732010285301634
6e864f5c4669eff3d98140a07cc50202,740.59,13,0.07692307692307693,4.461538461538462,5.6186061427217486e-05,0.9732572145915906
2ba91c7ad80ff88b23b7db823b43c233,740.4,6,0.3333333333333333,3.8333333333333335,5.617164676907847e-05,0.9733133862383597
8a40ae794fa3f9892cee24bd5af0488b,739.85,6,0.3333333333333333,3.1666666666666665,5.612992012709712e-05,0.9733695161584868
ba6b68b55fe8704377a7d43c8e5c0185,739.77,5,0.0,4.2,5.612385079735437e-05,0.9734256400092841
6bb62a4912377c7bfe7cb17b406bc7e6,739.52,4,0.0,4.25,5.6104884141908304e-05,0.973481744893426
8c91bfea4263b8fba54081460693e2a1,739.0,2,0.0,5.0,5.606543349858048e-05,0.9735378103269245
e73bf2cea7fe4b0b4d287a7568ed1099,737.6999999999999,4,0.0,5.0,5.596680689026092e-05,0.9735937771338148
56db5c0782e8f7ddc9343f9576ff6d16,734.8,2,0.0,3.0,5.574679368708652e-05,0.9736495239275019
4200ddf1967c5e41e48db62bc6d4b5ac,734.8,22,0.045454545454545456,4.2631578947368425,5.574679368708652e-05,0.9737052707211891
33cbbec1e7e1044aaf11d152172c776f,730.67,15,0.0,4.733333333333333,5.5433464539117455e-05,0.9737607041857281
014d9a685fd57276679edd00e07089e5,729.88,11,0.0,3.727272727272727,5.537352990790788e-05,0.973816077715636
7210cd29727d674c00741e5e387b3ccd,729.0899999999999,9,0.1111111111111111,4.444444444444445,5.531359527669829e-05,0.9738713913109127
8b87cd0d43d49b9bdf40f56229364d59,729.0,2,0.0,5.0,5.5306767280737714e-05,0.9739266980781934
da6a60cc8cc724fe51be021ff8be779c,728.79,12,0.0,4.75,5.529083529016301e-05,0.9739819889134836
aac51c486b672a9850d59f3e84b1cf88,728.28,10,0.0,4.8,5.5252143313053033e-05,0.9740372410567967
d29ba1220fb8634fa3a107e54497b8a4,724.94,9,0.0,3.2222222222222223,5.4998748796293557e-05,0.974092239805593
fe1bbc5feda5c8979a8a1b3b2512d5a6,724.72,9,0.1111111111111111,3.888888888888889,5.4982058139501016e-05,0.9741472218637325
6d22a1fcebb6dd08c9cd90b92a93e8d0,723.7,12,0.0,4.25,5.4904674185281056e-05,0.9742021265379177
d9e7e7778b32987280a6f2cb9a39c57d,722.5,11,0.36363636363636365,3.5454545454545454,5.481363423913992e-05,0.9742569401721568
07d75e33f2750d97d467fb57e4dfdd8a,722.4,2,0.0,2.5,5.4806047576961485e-05,0.9743117462197338
c8cc60ffd415254af5d9b9f34f32c369,722.2,8,0.0,4.75,5.479087425260464e-05,0.9743665370939865
b16d3dadc47d4eb18be3d88bad0775ce,722.1,10,0.1,4.3,5.4783287590426205e-05,0.9744213203815769
94231344608e603693b0a8891143f65d,722.0,3,0.0,4.0,5.477570092824778e-05,0.9744760960825052
d79e8478eed9999493990b44955fb22e,721.89,5,0.2,4.0,5.4767355599851505e-05,0.974530863438105
ed859002ad59dbf8cf3602696a6c3000,719.7,2,0.0,4.5,5.460120769814394e-05,0.9745854646458032
07de60b03d150fb3ea09eab5da5e4c8b,719.1,9,0.1111111111111111,4.333333333333333,5.455568772507338e-05,0.9746400203335283
75a4764c108403a7a0575140cb22287c,716.9000000000001,5,0.0,4.6,5.4388781157147974e-05,0.9746944091146854
ac6417315ae5da8f9a38ee11de6f7780,716.4,7,0.14285714285714285,4.142857142857143,5.435084784625583e-05,0.9747487599625316
808d4348b916efa08e766ebad39f61eb,712.95,20,0.05,4.6,5.408910800110008e-05,0.9748028490705327
d558ebe531605a1285ab2b1bc3256dfb,709.0,3,0.0,4.666666666666667,5.378943484505218e-05,0.9748566385053777
18e694e0e48ed6f7aa3f24aade5fd697,701.54,31,0.03225806451612903,4.67741935483871,5.3223469846541476e-05,0.9749098619752242
39d61be7a92eb77b7da367bd4845bc0e,700.59,7,0.0,4.0,5.3151396555846415e-05,0.97496301337178
ac51cac5e20d69ff485a54746488ef48,700.0,3,0.0,3.6666666666666665,5.310663524899369e-05,0.9750161200070291
3ef37b7ca6dd2b80bd8af81a62504996,700.0,2,0.0,4.5,5.310663524899369e-05,0.9750692266422781
328acb143b4a73aad6bee8e734f5d20d,699.98,2,0.0,4.0,5.310511791655801e-05,0.9751223317601947
1b4b28463457a256e9a784ebe2a8f630,699.42,1,1.0,1.0,5.3062632608358805e-05,0.9751753943928031
59cea8e446d3834393058e7e0666b6fb,696.6,10,0.0,4.6,5.2848688734927156e-05,0.975228243081538
0d83f8e03188682112cc0d93523705cc,696.26,4,0.25,3.75,5.2822894083520493e-05,0.9752810659756215
fac35d150712afb921ec59ac5f39bb11,696.0,5,0.0,4.4,5.280316876185658e-05,0.9753338691443834
05a940b4ecae36cadfd8e93bd9c43257,695.1,9,0.0,4.222222222222222,5.273488880225074e-05,0.9753866040331856
052577151711aec5c744fe12e66db3e1,687.0,1,0.0,5.0,5.212036916579809e-05,0.9754387244023514
2dd1fb6f0e42a2243b8a01e40cd41216,686.89,3,0.0,3.6666666666666665,5.2112023837401825e-05,0.9754908364261887
b4b447d715f9ab302a188fb43d3e96b3,685.9300000000001,5,0.2,4.8,5.203919188048892e-05,0.9755428756180692
b2c97074649f92197d9387d9033dda5f,684.71,10,0.1,4.7,5.19466346019121e-05,0.9755948222526711
4e6015589b781adaa5ce7f1892d06bb1,684.0,3,0.0,3.6666666666666665,5.1892769300445264e-05,0.9756467150219715
2fb25ab44bdbeae6a4d816e0d0c9d500,683.08,5,0.0,4.8,5.182297200840373e-05,0.97569853799398
d9cd369bffa979d1634f8e1318bf2f1b,678.0,3,0.0,5.0,5.143756956973961e-05,0.9757499755635497
9aa388272ee334b6ae07bc73706e254a,678.0,6,0.0,4.333333333333333,5.143756956973961e-05,0.9758014131331194
89a51f50b8095ea78d5768f34c13a76f,677.16,10,0.0,4.7,5.1373841607440806e-05,0.9758527869747269
a513150f33f99a06569e9cd5c4bb889b,677.0,2,0.0,4.5,5.136170294795533e-05,0.9759041486776748
3d5d0dc7073a299e31fa718ce1bc00b6,674.8,21,0.09523809523809523,4.428571428571429,5.119479638002991e-05,0.9759553434740549
5962468f885ea01a1b6a97a218797b0a,674.0,6,0.0,4.666666666666667,5.1134103082602494e-05,0.9760064775771374
6861de0f40cacb0602e473c51639f980,674.0,5,0.2,3.6,5.1134103082602494e-05,0.97605761168022
c6218512d16fcac0af02fe92691cf274,674.0,8,0.125,4.0625,5.1134103082602494e-05,0.9761087457833025
e21a1e8be4715b0fcfd5385643bc49c4,673.6999999999999,20,0.0,3.7,5.111134309606721e-05,0.9761598571263986
7354220fb240bde543b3c40c060d41e7,672.0,7,0.0,4.571428571428571,5.0982369839033944e-05,0.9762108394962377
e4ebd3f87bf70440014f07ddda7fbe03,671.5,7,0.14285714285714285,4.571428571428571,5.0944436528141805e-05,0.9762617839327657
6e1862e15f33d9994bc25922a85e1efc,668.49,7,0.0,4.428571428571429,5.0716077996571136e-05,0.9763125000107623
0a85ebe4e328db81ac9109781205e2f7,667.9,12,0.08333333333333333,4.583333333333333,5.0671316689718405e-05,0.976363171327452
6824a69c9ea0313eba299dd4a2dba09a,666.9,6,0.0,4.666666666666667,5.059545006793413e-05,0.9764137667775199
5f7300535881cef3b625fd683cf7d145,665.98,10,0.0,4.4,5.05256527758926e-05,0.9764642924302958
55c26bcb609f480eb7868594245febb5,664.4000000000001,6,0.0,4.0,5.040578351347345e-05,0.9765146982138092
bdae679a9b282249bc23b9b69dae9a99,663.15,6,0.0,3.5,5.0310950236243096e-05,0.9765650091640454
8d46553a36e68f95350a200c12f8f2e2,660.0,9,0.0,4.222222222222222,5.0071970377622625e-05,0.9766150811344231
49383af7ab774e4e8f3000f49c83dc4b,660.0,8,0.0,4.375,5.0071970377622625e-05,0.9766651531048007
c7fdb77fdbff3c41981bc52f787e959e,658.48,9,0.2222222222222222,3.5555555555555554,4.9956653112510526e-05,0.9767151097579132
1961c3e1272bfeceb05d0b78b5bbfdaf,657.0,2,0.0,4.5,4.98443705122698e-05,0.9767649541284255
b0398568231ba5e6734af1881671a317,656.77,4,0.0,4.0,4.982692118925941e-05,0.9768147810496147
c447f8dd3ed213f291d65ef074a268eb,655.0,7,0.0,3.7142857142857144,4.969263726870124e-05,0.9768644736868834
80f2cf9abf6b5a0e5c612b5eea6646e6,654.08,6,0.16666666666666666,5.0,4.962283997665971e-05,0.9769140965268601
cd3d09fbe6e3e9ff0c0ac0c300e93ae7,651.04,12,0.08333333333333333,4.166666666666667,4.93922054464355e-05,0.9769634887323065
5d043cd5512d4bd2f88e5ccdd5736c38,650.0,1,0.0,2.0,4.9313304159779855e-05,0.9770128020364663
43402bdf22aa2310e8f99e2f94f78628,649.95,4,0.0,2.5,4.9309510828690645e-05,0.977062111547295
c522be04e020c1e7b79f3acff36513d5,649.94,6,0.3333333333333333,4.0,4.9308752162472805e-05,0.9771114202994575
f435898e493ba0356019a0b1cb8b55b1,649.76,10,0.0,4.4,4.9295096170551626e-05,0.9771607153956281
236585a4ddb5fea9fa40233e2249ed91,649.53,11,0.09090909090909091,4.090909090909091,4.9277646847541245e-05,0.9772099930424757
9cad4b68bb993ee401a3c5aaa2bc26dd,649.3000000000001,5,0.2,2.8,4.926019752453087e-05,0.9772592532400002
95b293867b5862941c9cd74f756a3c68,648.1,9,0.4444444444444444,3.5555555555555554,4.916915757838973e-05,0.9773084223975785
b26741d31a563d769b4af0465ab20c56,648.0,2,0.0,4.0,4.9161570916211305e-05,0.9773575839684947
72c38a04bd6a1c3dbc5298425a0db86d,647.3,4,0.0,3.75,4.9108464280962307e-05,0.9774066924327757
2aa3443d7bf9d9bb11133f420d75e083,647.0,10,0.2,3.0,4.908570429442703e-05,0.9774557781370701
13f57c12a00ed4610db646b913a7f5c6,645.2,7,0.14285714285714285,4.857142857142857,4.894914437521533e-05,0.9775047272814453
8d899e15a5925f097cca50faa49b15e3,645.0,4,0.25,3.75,4.893397105085847e-05,0.9775536612524962
ad273c9eb54ecb4532de4bf75bae9e4e,645.0,10,0.0,4.1,4.893397105085847e-05,0.9776025952235471
f3295428338a40977a03f555246a70f4,644.98,7,0.2857142857142857,3.5714285714285716,4.893245371842279e-05,0.9776515276772655
bd1d49a326abfa9b1036772e40445430,637.7,12,0.08333333333333333,4.083333333333333,4.8380144711833256e-05,0.9776999078219774
7a91bf945c6fae0779f1c61ce97fe45c,634.6,4,0.25,4.5,4.8144958184301995e-05,0.9777480527801616
7b98de631987e26dd6d803490c43a13c,634.2,8,0.0,4.625,4.811461153558829e-05,0.9777961673916973
1430239a858e7682bbc43b20758af153,633.99,17,0.0,4.176470588235294,4.809867954501359e-05,0.9778442660712423
be8e909810184b9b19e886129149d8e5,629.85,15,0.2,3.7333333333333334,4.778459173082668e-05,0.9778920506629731
685b870da5b52a710782c9c0fefbeb5b,627.0,2,1.0,2.0,4.7568371858741495e-05,0.9779396190348318
8759e7aedd644f487315e5860962f162,627.0,3,0.3333333333333333,3.6666666666666665,4.7568371858741495e-05,0.9779871874066906
0570350b23eda5444f8d1d9544932058,626.9000000000001,6,0.0,5.0,4.756078519656307e-05,0.9780347481918871
2f09f7d37a97956d11cc1a7cadd5262b,625.0,7,0.14285714285714285,4.0,4.741663861517294e-05,0.9780821648305023
a2deecd5398f5df4987110c80a1972a3,623.81,13,0.0,4.269230769230769,4.732635733524965e-05,0.9781294911878375
d8cf3b6a2151949f930d0252b180ec42,623.6999999999999,6,0.0,3.5,4.7318012006853374e-05,0.9781768091998444
ab3e0c171fe84a7ba7de130f19cfb485,623.45,6,0.3333333333333333,4.0,4.729904535140731e-05,0.9782241082451958
bfd938b22bc99bce1ae60dc602889f52,623.4,4,0.0,5.0,4.7295252020318094e-05,0.9782714034972161
3969863bb8af7f72580b3b1ffd3a17b3,623.15,12,0.0,4.083333333333333,4.7276285364872024e-05,0.9783186797825809
26bad72add1f86e08a776ce4ffdaf1ca,622.0,7,0.0,4.428571428571429,4.718903874982011e-05,0.9783658688213307
b5bb2b985208834bd5bd86c7a402bbad,621.06,2,0.0,5.0,4.711772412534288e-05,0.978412986545456
822b63912576852aea9a8436d72317b7,615.96,3,0.0,5.0,4.673080435424308e-05,0.9784597173498103
6b15924333bd1a741595fe981ea04822,614.3199999999999,21,0.09523809523809523,4.666666666666667,4.660638309451686e-05,0.9785063237329048
1d29dfba02015238dfbe2449a5eaa361,612.8,12,0.08333333333333333,4.5,4.649106582940476e-05,0.9785528147987342
b44dbfbf62e52125f3c15d230569ea91,609.37,4,0.0,4.75,4.6230843316684696e-05,0.9785990456420509
3d3ccf2b2f8134b10dce9dd446f0e075,608.6,3,0.3333333333333333,3.3333333333333335,4.61724260179108e-05,0.9786452180680688
c6a7539d424a8402232c2228d7a03c5e,607.5,10,0.1,3.1,4.6088972733948095e-05,0.9786913070408028
525e75a6fb1454a2325ab1734bcec221,607.17,9,0.0,3.888888888888889,4.606393674875928e-05,0.9787373709775515
2059c39f76271d4ca3f15b5ffaccc8b8,604.9,12,0.0,4.5,4.589171951730897e-05,0.9787832626970688
aae5e7b457a3c72ee230a47d98fceda5,604.8,5,0.0,4.2,4.5884132855130546e-05,0.978829146829924
eddd1991bd6d9309995a480c39b95137,601.0,2,0.0,3.5,4.55958396923503e-05,0.9788747426696163
5a6a02f419701fc8c605af71d4fc57a4,600.5,10,0.1,4.8,4.555790638145816e-05,0.9789203005759978
1588ac4010787100dddef64568f0ae35,599.97,3,0.0,3.0,4.551769707191249e-05,0.9789658182730697
8e29d051f810eb22959ede205b462b9f,599.8,2,0.5,4.0,4.550479974620916e-05,0.9790113230728159
68ca56ce86830f3d31b1b7ec6a54da3e,599.6899999999999,5,0.0,4.0,4.5496454417812894e-05,0.9790568195272337
3be5841cdcc46de4ed3f9116f104b2c5,599.6,4,0.0,4.75,4.5489626421852315e-05,0.9791023091536555
53336f97ddbe53e2a617d07b17447b95,599.5,1,0.0,5.0,4.548203975967388e-05,0.9791477911934151
262237171f48e85819065498cac80d7b,599.0,4,0.0,4.25,4.544410644878174e-05,0.9791932352998639
d0d70d21e2234dd7cd3cf63fe414148a,598.4,8,0.0,4.25,4.539858647571118e-05,0.9792386338863396
38e6dada03429a47197d5d584d793b41,596.14,7,0.14285714285714285,4.428571428571429,4.522712791047871e-05,0.97928386101425
11938fcc75f6902fea1d0a6f72b54a57,594.98,2,0.0,3.0,4.5139122629208955e-05,0.9793290001368792
8c0de775f52fe41590b376a3b7c50f68,594.8000000000001,8,0.0,4.25,4.512546663728779e-05,0.9793741256035164
3d68c634a99a1ba46dbca3967a69c623,594.0,2,0.0,5.0,4.5064773339860364e-05,0.9794191903768563
6e0908ef4d4efadbc3cc2b74ea477cb0,589.4499999999999,8,0.125,3.75,4.4719580210741895e-05,0.9794639099570671
8a87611c08849ffeeccab52aa798b6c7,587.9,6,0.0,4.666666666666667,4.4601986946976275e-05,0.9795085119440141
768a86e36ad6aae3d03ee3c6433d61df,587.46,17,0.17647058823529413,4.647058823529412,4.456860563339119e-05,0.9795530805496475
6e4a902d1054e4e17aa6eab87fac1c75,586.57,7,0.2857142857142857,4.142857142857143,4.450108434000319e-05,0.9795975816339875
b274baf5bbd142410eb2958cf685d684,585.9,7,0.0,4.285714285714286,4.445025370340772e-05,0.9796420318876908
bf961104a38e01b9062ee026bb657dee,585.56,4,0.0,4.5,4.442445905200106e-05,0.9796864563467428
851773c885feb5e2da3b4f82bc2b17ce,585.3,10,0.2,4.2,4.440473373033715e-05,0.9797308610804731
70b52a4cfc823994561b00bad161b4ed,585.0,8,0.0,4.375,4.438197374380187e-05,0.9797752430542169
71271995e85f5b8530be99ed54a91b89,582.0,6,0.16666666666666666,3.0,4.415437387844904e-05,0.9798193974280954
83353a83fd769dfafa4f21a72b15e3e5,579.5,5,0.2,3.8,4.396470732398835e-05,0.9798633621354195
be3b4b0f050a6aa1b2d901c4b77e979f,578.1999999999999,3,0.0,4.0,4.3866080715668785e-05,0.9799072282161352
f524ad65d7e0f1daab730ef2d2e86196,578.0,1,1.0,1.0,4.385090739131193e-05,0.9799510791235265
01c97ebb5cdac52891c0ed1c37ba0012,577.5,9,0.0,4.222222222222222,4.381297408041979e-05,0.9799948920976069
5ef131ac72773e5b3f6c0d63cf424657,575.79,10,0.0,4.1,4.368324215716868e-05,0.9800385753397641
ed8cb7b190ceb6067227478e48cf8dde,573.5,15,0.06666666666666667,3.4,4.3509507593282686e-05,0.9800820848473574
26af45f5dfd967225a832838aa4e24a3,573.1,10,0.0,4.1,4.347916094456898e-05,0.980125564008302
9599519be538b98748162a2b48248960,570.0,1,0.0,1.0,4.324397441703772e-05,0.980168807982719
4e326052e5dbba8adcd512f3450a307e,570.0,3,0.0,2.3333333333333335,4.324397441703772e-05,0.980212051957136
a35ef466c6fd6d052f5d241240d3c5e2,569.9,3,0.0,4.666666666666667,4.323638775485929e-05,0.9802552883448908
3f9be91358837bff69df67edfa3e42e8,569.7,7,0.0,4.428571428571429,4.322121443050244e-05,0.9802985095593213
a254c682cc01e119f83530446f1df9a9,569.4,6,0.16666666666666666,4.0,4.319845444396715e-05,0.9803417080137653
cd2169d9f31ff6fbb9ca3373b0c9e354,569.0,1,0.0,4.0,4.316810779525344e-05,0.9803848761215606
73b8eb4a9a729d4019b24ed1be748cbf,568.9,7,0.0,4.857142857142857,4.3160521133075014e-05,0.9804280366426936
4170f6a9367e6b5d6401d03ce6d54569,568.78,4,0.25,4.0,4.31514171384609e-05,0.9804711880598321
89ad3263c0931c47f976d7c5778e60f6,568.2,6,0.0,4.166666666666667,4.310741449782603e-05,0.98051429547433
f52c2422904463fdd7741f99045fecb6,567.79,12,0.08333333333333333,4.25,4.307630918289447e-05,0.9805573717835129
b7ed9fb14c8eadb37adb9c45d67ab0fb,566.0,7,0.0,3.2857142857142856,4.294050792990061e-05,0.9806003122914427
2f74af7a0ee5636f12c2336f9fffed47,560.6999999999999,13,0.0,4.3076923076923075,4.253841483444394e-05,0.9806428507062772
b12cfd255810394b60caef18ae163547,560.0,2,0.0,4.5,4.2485308199194956e-05,0.9806853360144764
5f5a58930c3c35f3b5af264f34fb8c85,560.0,3,0.0,5.0,4.2485308199194956e-05,0.9807278213226756
c33a5c3c983090c8b78a28e65052a20d,559.2,8,0.0,4.125,4.242461490176754e-05,0.9807702459375773
820c7c9eaf76d2b226b6c242bcf3f34d,559.0,1,0.0,4.0,4.240944157741068e-05,0.9808126553791547
35b96509602ec4b7da831b5cd73ff2c2,558.9,2,0.0,4.5,4.2401854915232244e-05,0.98085505723407
6eeed17989b0ae47c9f11ece6f38ea90,557.0,3,0.0,3.6666666666666665,4.225770833384212e-05,0.9808973149424038
8a207b6080964f3c1fc9d35bd6096ba4,553.7,2,0.5,5.0,4.200734848195401e-05,0.9809393222908858
385799a1cddbd26dfeb9157356a42282,551.9399999999999,4,0.0,4.75,4.187382322761368e-05,0.9809811961141134
74871d19219c7d518d0090283e03c137,550.04,6,0.0,5.0,4.1729676646223556e-05,0.9810229257907596
eb9cd5b35d95206585e2185318cb5c61,550.0,2,0.5,3.0,4.1726641981352186e-05,0.9810646524327409
bb2afe2061d53c6968aa0cffa233a8ec,549.4,5,0.0,4.8,4.168112200828162e-05,0.9811063335547492
e433f5fd4050e3352b5d83522b7fe24b,548.06,1,0.0,4.0,4.157946073509069e-05,0.9811479130154843
0d33a55da925bbf1ff02af5f6059fc7f,547.3,22,0.045454545454545456,4.454545454545454,4.152180210253464e-05,0.9811894348175868
6c99c983ce3b6ba0ab813e6790e81691,546.75,9,0.0,3.7777777777777777,4.148007546055329e-05,0.9812309148930474
9c1c0c36cd23c20897e473901a8fb149,544.97,6,0.0,5.0,4.134503287377728e-05,0.9812722599259212
af7cdac9d9897cddead9c6b08976c642,543.54,6,0.16666666666666666,3.6666666666666665,4.123654360462575e-05,0.9813134964695258
4cc4fd4fdd406a85bbdc1f824b731bd7,539.98,1,0.0,5.0,4.0966458431073735e-05,0.9813544629279569
228e4c1a0be164f613d41c24345f9d2c,539.7,5,0.0,5.0,4.094521577697414e-05,0.9813954081437339
d94ba08b99bedd6a5f6c875ecc4a6fac,539.1,8,0.0,4.75,4.089969580390357e-05,0.9814363078395378
6c17baf138731a4aaacc3210adf2037b,538.8,4,0.0,5.0,4.0876935817368285e-05,0.9814771847753552
08d1c9478fb0d7d7fcac9c0da4e82fc7,538.0,1,0.0,5.0,4.081624251994087e-05,0.9815180010178751
ff314fa6033cc68ec451c47aee2d6ba4,537.9,2,0.0,5.0,4.0808655857762434e-05,0.9815588096737329
1fe61aa5494bd3ae92a2c13e067c810f,537.76,1,0.0,4.0,4.079803453071264e-05,0.9815996077082636
638cba8be1fb599bbb76fd6948351eb3,535.4,16,0.0,4.6875,4.0618989303301745e-05,0.9816402266975669
cb9fb4ca75d7ba8437480e8dde64fe98,532.14,10,0.0,4.0,4.0371664116285006e-05,0.9816805983616832
1f7fd2a6fcd5a6fa5d8a4dabc72aaae0,531.8,3,0.0,5.0,4.0345869464878344e-05,0.9817209442311481
4342d4b2ba6b161468c63a7e7cfce593,528.9,2,0.5,1.0,4.012585626170395e-05,0.9817610700874098
2e7ea2aafec5835e781b21d6d1faf1f1,528.4,7,0.14285714285714285,4.5,4.008792295081181e-05,0.9818011580103606
6879c4d287a8dd06b11f54ea8f78e4da,527.67,6,0.0,4.333333333333333,4.003254031690928e-05,0.9818411905506775
979e9f8b5b39dd243a2550c8b05aecf0,525.0,3,0.0,5.0,3.982997643674527e-05,0.9818810205271142
3968920b9aa752ab98f7d5888c9252f2,523.3,8,0.125,3.875,3.970100317971199e-05,0.981920721530294
02b72cdeb9cfcc429f1af6f4e3f3b737,522.65,4,0.0,4.75,3.9651689875552216e-05,0.9819603732201695
6e13dd869aa7185f601c941423abcc8f,522.0,5,0.0,4.8,3.960237657139244e-05,0.9819999755967409
c026ef0d72e9132d9fa112308090c8dc,520.0,1,0.0,4.0,3.9450643327823884e-05,0.9820394262400687
fc59392d66ef99377e50356ee4f3b4e1,519.99,5,0.0,3.6,3.9449884661606044e-05,0.9820788761247303
f9ec7093df3a7b346b7bcf7864069ca3,519.2,9,0.1111111111111111,4.777777777777778,3.9389950030396466e-05,0.9821182660747607
d197aa8fbc64087f61984deef05f6227,519.09,6,0.0,4.833333333333333,3.93816047020002e-05,0.9821576476794627
ff4e2d38692ce827b1a4f4b8196e680d,518.9,11,0.0,4.2727272727272725,3.936719004386118e-05,0.9821970148695065
a7dc4098e4da6e41b426269d12ae7e91,518.0,2,0.0,3.0,3.9298910084255334e-05,0.9822363137795908
3296662b1331dea51e744505065ae889,517.8,1,0.0,5.0,3.9283736759898475e-05,0.9822755975163506
7e79d65b5c6f1f544b7daea036acf720,517.8,4,0.0,4.5,3.9283736759898475e-05,0.9823148812531105
9e6967d3cf386d284251784b18ccb485,517.67,9,0.1111111111111111,3.888888888888889,3.927387409906652e-05,0.9823541551272096
64cc804291f90c81f02bfc2bb58ff55a,517.6,2,0.0,5.0,3.926856343554162e-05,0.9823934236906451
1d503743d2526f03f0c2c89540ee008c,516.04,12,0.08333333333333333,3.9166666666666665,3.915021150555815e-05,0.9824325739021507
b87a7ea0c30fad2dd6781b74a0064859,515.4,9,0.3333333333333333,3.4444444444444446,3.910165686761621e-05,0.9824716755590183
a06c8ff043abea0528ee44171e2140a2,514.5,8,0.0,4.75,3.903337690801036e-05,0.9825107089359263
c157bdeedcbc9a8e3c8bf0d87ff24428,514.27,7,0.0,4.428571428571429,3.901592758499998e-05,0.9825497248635113
312ba1d77e9c332ef21f9598b7f64cd7,513.0,7,0.5714285714285714,3.142857142857143,3.891957697533395e-05,0.9825886444404867
4a82168aaef173cbb6e46ae88728f919,512.0,4,0.0,4.0,3.884371035354967e-05,0.9826274881508402
2b2fed75b8e5ea3a052fc4c0825da485,510.9,3,0.0,5.0,3.8760257069586966e-05,0.9826662484079098
c3aad7dc65449ae90a5e9c3c6c1e78e0,510.0,6,0.0,4.666666666666667,3.869197710998112e-05,0.9827049403850198
c53bcd3be457a342a97e39e5a9f0be22,509.5,5,0.0,3.2,3.865404379908898e-05,0.9827435944288189
4be6b962d83299498bae2190f95d6566,508.8,11,0.09090909090909091,4.1,3.860093716383999e-05,0.9827821953659827
e6a69c4a27dfdd98ffe5aa757ad744bc,508.51,21,0.0,4.285714285714286,3.8578935843522545e-05,0.9828207743018261
33cbda8716511e27e556dff9d8418bf2,507.40000000000003,5,0.0,4.8,3.8494723893342e-05,0.9828592690257195
5e49e3a44bdeb5aab2684258bbd4f525,507.0,3,0.3333333333333333,4.666666666666667,3.8464377244628286e-05,0.9828977334029642
3ea00e1dea2b0659dbaf654735929220,505.0,7,0.0,4.857142857142857,3.8312644001059737e-05,0.9829360460469653
2493dc3f20131696a0ecdb9948051a8d,504.38,4,0.0,4.75,3.826560669555348e-05,0.9829743116536608
20a7efa9721046319bdde5d60b6b5365,501.20000000000005,3,0.0,5.0,3.802435083827949e-05,0.9830123360044991
39a5005f2605cbdb4f9ac14485cabfd1,501.07,3,0.0,5.0,3.801448817744753e-05,0.9830503504926765
97e995629983723d11830a829bc2b246,499.5,5,0.0,4.8,3.789537758124621e-05,0.9830882458702578
13c2ed7698b3ca92dad49e849219da59,498.61,8,0.0,4.375,3.782785628785821e-05,0.9831260737265456
265fdc289dffa9f1ad801c74f7d0de47,495.0,1,0.0,5.0,3.755397778321697e-05,0.9831636277043289
e59e489e2ea74bd409b798b5daf49de3,495.0,3,0.0,1.6666666666666667,3.755397778321697e-05,0.9832011816821121
ccbd753e6863fe7314dc6c0ca5a074e7,495.0,1,0.0,4.0,3.755397778321697e-05,0.9832387356598954
c458e2045a8aa8964f8879af03fdcce6,494.91,4,0.0,2.75,3.754714978725639e-05,0.9832762828096826
fcba71d4d5db057f43249145e4eb1e27,494.55,3,0.0,4.666666666666667,3.7519837803414044e-05,0.983313802647486
0951a6e282947e09cd47969f4ed0b47f,492.3,7,0.0,4.857142857142857,3.734913790439942e-05,0.9833511517853905
c84592044b180dec206770c38603814b,491.94000000000005,14,0.0,4.428571428571429,3.732182592055709e-05,0.983388473611311
e601b04acf48b4576e73ddca9481f0dc,491.94,15,0.0,4.066666666666666,3.732182592055708e-05,0.9834257954372315
340636a908b13bbe0f4fb63fbe1d0c03,490.5,3,0.0,5.0,3.721257798518772e-05,0.9834630080152167
b9c0ffa92f3ff9a5a3d45ef7213c0842,490.0,3,0.0,5.0,3.717464467429558e-05,0.983500182659891
48fb026ed7455a42f5d3e9390ed5088e,489.73,9,0.0,2.888888888888889,3.715416068641383e-05,0.9835373368205774
7816cd9c5b1238e320545f5bf7eb80e8,489.0,1,0.0,4.0,3.709877805251131e-05,0.9835744355986299
f88adb15807168d3c43d71021090ce4a,488.8,3,0.0,3.3333333333333335,3.708360472815445e-05,0.9836115192033581
09bad886111255c5b5030314fc7f1a4a,487.5,5,0.0,5.0,3.698497811983489e-05,0.983648504181478
83a75eea11694e36e56dd0cb2240229a,487.0,3,0.0,5.0,3.6947044808942754e-05,0.9836854512262869
c7a0a13cbcf29d5ce51c8f80afdc0b89,483.08000000000004,8,0.0,4.125,3.664964765154839e-05,0.9837221008739385
c1f12f926d0ba950578b4fa41115cbb6,479.6,2,0.5,4.0,3.638563180773911e-05,0.9837584865057463
0c7f30ae9b147eca07affbef92832a6a,479.5,5,0.0,5.0,3.637804514556068e-05,0.9837948645508918
32fdd5d44ecb43dfd6a24b9369eca144,479.2,8,0.0,4.375,3.6355285159025394e-05,0.9838312198360508
25be943a321c8938947bdaabca979a90,479.0,3,0.0,4.333333333333333,3.634011183466854e-05,0.9838675599478854
bac692d6c0ed08467878018e6cc9c26c,477.0,1,0.0,4.0,3.6188378591099984e-05,0.9839037483264765
f1198c871e0171278b63f40d112caeec,475.8,2,0.0,4.5,3.609733864495885e-05,0.9839398456651215
29e6e05b65f93bc224c644319dc52ecf,475.6,4,0.0,4.75,3.6082165320602e-05,0.9839759278304421
7402d13c03a7e91366337cd1de471144,473.89,3,0.0,4.333333333333333,3.595243339735088e-05,0.9840118802638395
e1b12447a7563944843191754aeb5562,472.46000000000004,9,0.2222222222222222,4.444444444444445,3.5843944128199376e-05,0.9840477242079676
e3dd723429d1b23614b7fa85e2c7a853,471.05,7,0.2857142857142857,3.7142857142857144,3.5736972191483545e-05,0.9840834611801591
270d3ef21830ad0ecf3a6c53d08a533a,471.0,5,0.0,2.6,3.573317886039433e-05,0.9841191943590195
2953ce3a88f5e3c3b696d77fc9e4c8eb,470.0,14,0.21428571428571427,4.642857142857143,3.565731223861005e-05,0.9841548516712582
b0b346d3a89f5eb4c2968af3f083cd43,469.0,9,0.4444444444444444,3.7777777777777777,3.558144561682577e-05,0.9841904331168749
8fec2e460530482132c436cfb5439925,468.46,3,0.3333333333333333,4.333333333333333,3.554047764106226e-05,0.984225973594516
038b75b729c8a9a04b0d07cba7eabe86,467.0,2,0.5,3.5,3.542971237325722e-05,0.9842614033068893
c42fd8e4d47dfb18ce5222f2dd7752f9,466.99,7,0.2857142857142857,3.8,3.542895370703938e-05,0.9842968322605963
9fc70243fb26800cba56e8f014797004,466.6,6,0.0,4.5,3.539936572454351e-05,0.9843322316263208
feb793c88d836c3a75efa4b5a3465d70,466.0,1,0.0,5.0,3.535384575147294e-05,0.9843675854720723
ee2fbacc2fc3794e656cc4d933d59ce7,464.97,2,0.0,4.0,3.527570313103514e-05,0.9844028611752033
651fe66032c9520ee5587f694908040d,464.0,7,0.0,4.0,3.5202112507904387e-05,0.9844380632877112
0a82f5fb06a4fe4ac2cf7cb412ec71b8,462.0,2,0.0,5.0,3.505037926433584e-05,0.9844731136669755
cb0b3bcf14e0a709df412a99424a59d7,460.0,2,0.0,4.5,3.489864602076728e-05,0.9845080123129963
aec99834ab5d38ead22766ada8497e87,459.0,1,0.0,5.0,3.482277939898301e-05,0.9845428350923954
8b2d4ab22f42c5cfc338b846decfda60,458.0,6,0.0,4.833333333333333,3.474691277719873e-05,0.9845775820051725
dd88d13bea9e4c2bf47daf224f8141e5,458.0,1,0.0,5.0,3.474691277719873e-05,0.9846123289179497
e546117ed9cafbc40239c0c78635c584,456.0,2,0.0,4.5,3.4595179533630174e-05,0.9846469240974833
35857757f553273b1056c1cabdace7fb,454.6,6,0.3333333333333333,4.0,3.448896626313219e-05,0.9846814130637465
117cfc326c6d50da67ca858ff5c0c852,454.6,5,0.0,4.6,3.448896626313219e-05,0.9847159020300096
b248792ac0b60ec3f93d80af1b4fae47,454.5,7,0.14285714285714285,3.857142857142857,3.448137960095376e-05,0.9847503834096105
55029529919c0123526150bd26ca8f20,453.95,7,0.0,4.714285714285714,3.443965295897241e-05,0.9847848230625695
fc4751cfe3b279c419615b9b00c1abb4,453.7,1,0.0,5.0,3.442068630352634e-05,0.9848192437488731
7994b065a7ffb14e71c6312cf87b9de2,453.0,5,0.0,5.0,3.4367579668277345e-05,0.9848536113285413
e5899683388855d3dabe8913bbe365de,452.88,3,0.0,4.0,3.435847567366323e-05,0.984887969804215
b7cc6c5e001441ae8cdd5c69a480cbe4,452.8,5,0.0,4.6,3.435240634392049e-05,0.984922322210559
777a0c55737f34ffeb78010f7542ab41,452.5,6,0.0,4.333333333333333,3.4329646357385206e-05,0.9849566518569164
eb5b6204dde3a6e03b5f1bb8479f055b,452.2,19,0.05263157894736842,3.9473684210526314,3.430688637084993e-05,0.9849909587432872
08f5819815f3d06545011850bd70f0a8,452.0,3,0.0,4.666666666666667,3.429171304649307e-05,0.9850252504563337
4de6e4ba574aa9dfdc824bc44dc47fdd,451.1,14,0.07142857142857142,4.071428571428571,3.422343308688722e-05,0.9850594738894206
968ee78631915a63fef426d6733d7422,450.0,2,0.0,3.0,3.413997980292452e-05,0.9850936138692236
101a3a003516bc11253298b2fad3cb65,450.0,5,0.0,4.8,3.413997980292452e-05,0.9851277538490265
d90fe2229fee1a5da999ccd0c06c1667,450.0,3,0.0,4.666666666666667,3.413997980292452e-05,0.9851618938288295
3d4824f20035949c710eaf111f869d39,449.97,8,0.125,4.0,3.413770380427099e-05,0.9851960315326337
bbaff50f3b708fda865918715276cd87,449.7,12,0.16666666666666666,4.75,3.411721981638923e-05,0.9852301487524501
a11a0e0ca67423425691db355cff69b0,448.9,2,0.5,5.0,3.405652651896181e-05,0.9852642052789691
3d0cd21d41671c46f82cd11176bf7277,447.8,9,0.0,4.666666666666667,3.397307323499911e-05,0.9852981783522041
5e106d93b717c2682b9383da480364a1,445.9,1,0.0,5.0,3.382892665360898e-05,0.9853320072788577
a5bff0f43eb51f0cad7c37fac7244c8a,445.0,4,0.0,4.75,3.376064669400313e-05,0.9853657679255517
b3f19518fcec265b2e97af287725f981,444.92,8,0.0,4.375,3.3754577364260394e-05,0.985399522502916
768de2a4fc06aacecb9a586ccc30746a,442.7,13,0.0,4.384615384615385,3.3586153463899296e-05,0.9854331086563799
f22a247b79dd22ecd91dc8e3b2a1b07c,439.94,8,0.25,4.0,3.337676158777469e-05,0.9854664854179677
64c9a1db4e73e19aaafd3286dc448c96,439.0,1,0.0,5.0,3.330544696329747e-05,0.985499790864931
c3251e13f1bbda6c74e37c160f991e19,437.79999999999995,2,0.0,5.0,3.321440701715634e-05,0.9855330052719482
b29d3380981c51df13fc6fbe87e1763d,435.3,6,0.0,3.8333333333333335,3.302474046269565e-05,0.9855660300124109
98115075dd26cb8835946fc6086f5d30,434.96000000000004,4,0.0,4.75,3.2998945811289e-05,0.9855990289582223
26d6bbee02420494d471c9f6436929c0,434.51,12,0.0,4.666666666666667,3.296480583148607e-05,0.9856319937640537
d4e4b5192cba4e0e66eb12a9d347239d,431.9,11,0.0,4.454545454545454,3.276679394862911e-05,0.9856647605580023
bc503e244f187939d10c92a5c8e378ce,430.31,6,0.16666666666666666,3.5,3.2646166019992105e-05,0.9856974067240223
4e480be820e37de1444325ff358c9296,430.3,1,0.0,5.0,3.2645407353774264e-05,0.9857300521313761
8bd0e3abda539b9479c4b44a691be1ec,425.75,6,0.3333333333333333,2.5,3.230021422465581e-05,0.9857623523456007
2c3d56f92f360fb89d849b84e8f50eae,425.1,7,0.2857142857142857,3.4285714285714284,3.2250900920496027e-05,0.9857946032465212
939e6227d6964a11a70aa91243e418f2,425.0,4,0.0,4.25,3.22433142583176e-05,0.9858268465607796
a45314082d50d578a4721c9787ce09ab,424.9,2,0.0,5.0,3.223572759613917e-05,0.9858590822883757
dc50afafdfa325eadc890c7fa42a8f4e,424.2,4,0.0,4.75,3.2182620960890175e-05,0.9858912649093367
b080809eaacb49e5ca07290981472431,424.0,11,0.0,4.818181818181818,3.216744763653332e-05,0.9859234323569732
acf974e4d5950ad143a247471b831eb9,423.8,5,0.0,4.75,3.215227431217647e-05,0.9859555846312854
41e0fa5761c886a630994a55c12087e7,423.6,5,0.0,5.0,3.2137100987819616e-05,0.9859877217322732
7c1fea10b5b006671d608b1d7c446ec4,423.59999999999997,14,0.07142857142857142,4.0,3.213710098781961e-05,0.986019858833261
5dc203c7b84a0e71e878a179de05fb9a,421.9,5,0.0,4.0,3.200812773078634e-05,0.9860518669609918
c714262700f93defc16bf17a51a4cb23,421.8,4,0.0,3.75,3.200054106860791e-05,0.9860838675020603
9d5604a1f112324ad6b2aa552122e0fb,421.5,13,0.0,3.5384615384615383,3.197778108207263e-05,0.9861158452831424
cc80e2f693fa6e2408f47ccf62413fc1,420.0,2,0.0,4.0,3.1863981149396215e-05,0.9861477092642918
189ca3538ce9f920cacf0f982cbe223b,419.0,4,0.0,4.25,3.178811452761194e-05,0.9861794973788195
7bcd7c5f8631701474db233ccf1c094b,419.0,8,0.125,4.375,3.178811452761194e-05,0.9862112854933471
38102b031c2a15e54623d711bfc753d3,418.0,8,0.0,4.0,3.171224790582766e-05,0.986242997741253
6d7f8d9d594e28796b6b3205b00f459c,417.9,3,0.0,3.6666666666666665,3.170466124364923e-05,0.9862747024024967
7b7f91e98f8c6def45a1407923304402,417.47,11,0.09090909090909091,4.181818181818182,3.1672038596282e-05,0.986306374441093
b64d51f0435e884e8de603b1655155ae,416.17999999999995,17,0.17647058823529413,4.294117647058823,3.1574170654180274e-05,0.9863379486117472
f650a9708fa1bab22bdd8d3a818cc415,416.04,4,0.0,4.0,3.156354932713048e-05,0.9863695121610743
a53f60f05f822b5c621a50ff6a5cb362,415.40000000000003,4,0.0,3.6666666666666665,3.151499468918854e-05,0.9864010271557635
34a557286ead8fe75c989e0afcf7d98c,414.9,4,0.0,4.75,3.1477061378296404e-05,0.9864325042171418
35fb511489d9ee3ee27a76debce9df06,414.5,7,0.14285714285714285,3.5714285714285716,3.144671472958269e-05,0.9864639509318713
ff1e15b778c700abdd4d239b81ac466d,414.3,7,0.0,4.571428571428571,3.143154140522584e-05,0.9864953824732766
bd149ed516d4c5d418d5781f8e18919f,414.0,8,0.0,4.875,3.140878141869055e-05,0.9865267912546953
acb6c2ca5c82411c1fdb88d5fd5eb95e,413.88,10,0.0,3.9,3.1399677424076444e-05,0.9865581909321194
042573af89b6d931f672efaf789d8358,413.48,3,0.3333333333333333,3.6666666666666665,3.136933077536273e-05,0.9865895602628948
ead2bab70821ea148476ae9bc08548ac,412.1,9,0.0,4.5,3.126463483730043e-05,0.9866208248977321
a35124e2d763d7ca3fbe3b97d143200f,411.5,4,0.0,4.75,3.121911486422986e-05,0.9866520440125963
b1204cfda1d4948679db3cfc0d3cb95c,411.20000000000005,6,0.0,4.333333333333333,3.1196354877694584e-05,0.986683240367474
86ff3eaef0267069cc891a2ed9d10a17,409.75,7,0.0,4.714285714285714,3.1086348276107376e-05,0.9867143267157501
f4ce8ca9fa7157e3b33f536ac9a4487d,409.6,4,0.0,4.75,3.107496828283974e-05,0.9867454016840329
5275ca25d0358ca73864e0ae41be1320,409.6,4,0.5,4.75,3.107496828283974e-05,0.9867764766523157
c3f5668699a1b04c0fa61ecea1e2bff6,407.81,3,0.0,5.0,3.0939167029845883e-05,0.9868074158193456
20a8b0dc55da94fe74d112082427c84f,407.4,7,0.14285714285714285,4.285714285714286,3.090806171491433e-05,0.9868383238810605
6b803197e03abd5056b4313306b4f29d,407.0,7,0.0,4.714285714285714,3.087771506620062e-05,0.9868692015961267
4a23adac87cf538689fa600d976f78b2,405.0,3,0.0,4.333333333333333,3.072598182263207e-05,0.9868999275779493
179d859f51292aac5c10806a356f7af9,404.46999999999997,18,0.16666666666666666,4.388888888888889,3.068577251308639e-05,0.9869306133504624
ed9eef5be0992d413d251fadba1a410d,404.09999999999997,3,0.0,4.666666666666667,3.0657701863026216e-05,0.9869612710523255
5563732abe64c3036cb97ad924128dd1,404.0,2,0.0,4.5,3.065011520084779e-05,0.9869919211675263
0ddefe3c7a032b91f4e25b9c3a08fca1,402.9,9,0.0,4.555555555555555,3.0566661916885084e-05,0.9870224878294432
29fe9f200d3fa0c668d2aa1ec7e08dfb,400.0,5,0.0,4.0,3.034664871371068e-05,0.987052834478157
d7485b33791774c36108f8c69602d48d,399.82,10,0.1,3.7,3.033299272178951e-05,0.9870831674708788
d263fa444c1504a75cbca5cc465f592a,399.0,1,0.0,5.0,3.0270782091926404e-05,0.9871134382529707
63ffcb71394dd8ea3872ed9ffda17c74,399.0,17,0.058823529411764705,3.176470588235294,3.0270782091926404e-05,0.9871437090350627
fadb07c842a2aef5d5a676b85f220e71,398.75,7,0.0,4.714285714285714,3.0251815436480335e-05,0.9871739608504991
73da1880b39c71de2b262bc7720c1494,398.0,2,0.0,5.0,3.0194915470142126e-05,0.9872041557659693
c52c644cc0dc85121207a27013efc6af,397.8,1,0.0,5.0,3.0179742145785273e-05,0.9872343355081151
48e954b2da4f6a750c844173b347ed40,397.8,2,0.0,4.5,3.0179742145785273e-05,0.9872645152502609
12a8eb0f8d1cd3270695bf2a99f55966,397.0,2,0.5,3.5,3.011904884835785e-05,0.9872946342991092
62760d278921b5f352461620d68a9cee,397.0,3,0.3333333333333333,3.6666666666666665,3.011904884835785e-05,0.9873247533479576
41b14765bd56c8ad10971074380f9c0c,395.5,8,0.0,4.625,3.0005248915681437e-05,0.9873547585968733
9b76ad3d04236f76bc71c59470305e13,394.70000000000005,2,0.0,5.0,2.994455561825402e-05,0.9873847031524915
0249d282d911d23cb8b869ab49c99f53,393.0,11,0.18181818181818182,4.2727272727272725,2.9815582361220745e-05,0.9874145187348528
bc30de0d71bd6260b936a026b5cf7200,392.37,3,0.0,4.666666666666667,2.976778638949665e-05,0.9874442865212423
59cd88080b93f3c18508673122d26169,392.33,10,0.2,4.7,2.9764751724625278e-05,0.987474051272967
fe4cd9461203cee790d36792420b310f,391.15,3,0.0,4.0,2.967522911091983e-05,0.9875037265020778
c13ef0cfbe42f190780f621ce81f2234,390.0,1,1.0,3.0,2.9587982495867913e-05,0.9875333144845737
8936ba0de1073ee888cb3185ae5dc661,389.99,1,0.0,5.0,2.9587223829650073e-05,0.9875629017084033
4049512728d969bec69f84088b012416,389.84,7,0.0,5.0,2.9575843836382426e-05,0.9875924775522397
0fe2d9733ed841eb064503920015a8c0,389.64,3,0.0,4.666666666666667,2.9560670512025573e-05,0.9876220382227517
a7ecf689b40a44361e259b28939023e4,389.0,1,0.0,5.0,2.9512115874083638e-05,0.9876515503386258
c1849d4d32d7a6cecd5aa471809d3135,388.98,3,0.0,4.333333333333333,2.9510598541647954e-05,0.9876810609371675
2009a095de2a2a41626f6c6d7722678d,388.89,8,0.0,4.375,2.9503770545687364e-05,0.9877105647077131
b98b715fe9e276204e2a3464f48cd796,388.6,4,0.25,4.0,2.948176922536993e-05,0.9877400464769385
78ef7e885d17f35e2382a47aae8b8cce,388.0,3,0.0,4.666666666666667,2.943624925229936e-05,0.9877694827261908
b6dc74ed30f124f95227bed4e43a3bed,387.56,9,0.1111111111111111,4.666666666666667,2.9402867938714278e-05,0.9877988855941295
94d76e96eedd976258cd3278ce56d5f2,385.61,1,0.0,5.0,2.925492802623494e-05,0.9878281405221557
a21c11ec5c3f03e7cc9f9203bff9e1c6,385.0,3,0.0,3.6666666666666665,2.9208649386946532e-05,0.9878573491715427
559d56f3b8f0bc2e5a9a62fe2ce2a39f,385.0,2,0.5,2.5,2.9208649386946532e-05,0.9878865578209296
a080fc8a850289b27500f6b49cca2553,383.0,4,0.0,4.75,2.905691614337798e-05,0.987915614737073
ab27bbbad5239bc31a34709275a70db4,382.9,3,0.0,5.0,2.904932948119955e-05,0.9879446640665542
ea00f977a203ff88adf7057cb7806998,381.72999999999996,18,0.1111111111111111,4.277777777777778,2.8960565533711943e-05,0.9879736246320879
f7315bb81aea4ddca2d39e249a801c98,379.8,2,0.5,4.5,2.8814142953668294e-05,0.9880024387750416
54aa8463e87776b5612f4bdc4bd5d4de,379.40000000000003,6,0.0,4.0,2.8783796304954585e-05,0.9880312225713466
f5b44895715ddfe3087dc414f30268f3,378.8,19,0.05263157894736842,4.0,2.8738276331884016e-05,0.9880599608476784
bd15ee794d5e640d9dd71b665b2ab15b,374.79999999999995,12,0.16666666666666666,4.0,2.8434809844746906e-05,0.9880883956575232
c24173065483e421f9e5e7f599de101d,373.91,9,0.1111111111111111,3.5555555555555554,2.8367288551358905e-05,0.9881167629460745
404e1ba01358af4cd63f679b2c4d1fa1,373.9,8,0.0,5.0,2.8366529885141057e-05,0.9881451294759597
08084d990eb3f53af056ccbc1730c8a7,372.5,12,0.0,4.454545454545454,2.8260316614643073e-05,0.9881733897925743
6d988d6174a2c27441597174f8905515,371.72999999999996,19,0.10526315789473684,4.105263157894737,2.8201899315869176e-05,0.9882015916918901
0bfd0b434243adc5c2e1aa6baf19c6aa,371.20000000000005,6,0.0,3.6666666666666665,2.8161690006323515e-05,0.9882297533818964
70125af26c2d6d4ef401a1d02ae7701f,371.2,5,0.4,4.6,2.8161690006323512e-05,0.9882579150719027
4dbd95a08b31ede5c82d3f861cb1ce1a,370.78000000000003,4,0.0,4.75,2.8129826025174118e-05,0.9882860448979279
0f0c984a4a955310903b6b6008660bad,369.81,4,0.25,3.75,2.805623540204337e-05,0.98831410113333
131fcb0a0c9a47bba4474aacff0f14b7,369.8,4,0.0,4.0,2.8055476735825524e-05,0.9883421566100657
916748bc99315c2d202898ae58b1617e,369.40000000000003,25,0.0,4.28,2.8025130087111815e-05,0.9883701817401529
63191ead8d3b2f937cd1996fdcbbad20,367.0,1,0.0,5.0,2.784305019482955e-05,0.9883980247903478
499ec63c58e51296c9cf57edcfe1c8a8,365.0,5,0.0,4.8,2.7691316951260996e-05,0.988425716107299
f12d3c2a14729ae461b920c11fe20fdc,364.45,9,0.0,4.444444444444445,2.7649590309279644e-05,0.9884533656976083
4e85b538b0dad58852641540686d0e14,361.97999999999996,4,0.5,3.75,2.7462199753472476e-05,0.9884808278973618
35ef5aa32949680f627efec3c23e705c,361.59999999999997,4,0.0,3.75,2.743337043719445e-05,0.988508261267799
a435b009cd956ea60748b5cfbddf2e24,361.18,3,0.6666666666666666,4.333333333333333,2.740150645604506e-05,0.9885356627742551
b56828a9f9027f3c918c04ca720d9e3c,360.0,3,0.3333333333333333,2.6666666666666665,2.7311983842339614e-05,0.9885629747580974
76de363de16dacc923eec8daf91df504,360.0,2,0.0,2.5,2.7311983842339614e-05,0.9885902867419397
fa14641f57b655e933124a9ea49cd7a5,359.92999999999995,7,0.0,4.571428571428571,2.730667317881471e-05,0.9886175934151186
03bd479e1d9484cdb14104d3023f7321,359.70000000000005,3,0.3333333333333333,4.333333333333333,2.728922385580433e-05,0.9886448826389743
184725737946a1a938bbbd1a9e978103,359.70000000000005,3,0.0,4.666666666666667,2.728922385580433e-05,0.9886721718628301
1e8c6a4c538f286aee9573239740a4b4,359.7,5,0.0,3.8,2.7289223855804328e-05,0.9886994610866858
51209b446b2073894bdc0face6c73ffc,359.6,2,0.0,4.0,2.7281637193625905e-05,0.9887267427238795
3076499bbc033a927bf4a8a41bcf7fd4,359.33,7,0.0,4.285714285714286,2.7261153205744148e-05,0.9887540038770852
173d56ffbd4c56cb80fc3615487d712b,358.0,2,0.0,5.0,2.7160250598771058e-05,0.988781164127684
f44bdc12aa39f5271f0b95f66cd4c289,357.5,5,0.2,3.2,2.7122317287878922e-05,0.9888082864449719
9dd59e43f0c9f0553244e8f9c2fb247e,356.3,10,0.1,4.8,2.703127734173779e-05,0.9888353177223136
24c1de8d9551c0b4fbc53317d53efda8,355.0,1,0.0,5.0,2.693265073341823e-05,0.988862250373047
761681a821d8275bc79f552116d06869,354.92,3,0.0,5.0,2.6926581403675488e-05,0.9888891769544507
9b00cad94ef3078faf6fba2e792c158f,354.9,1,0.0,5.0,2.69250640712398e-05,0.9889161020185219
8fd3b4468f6425810648177996c14cbd,354.9,1,0.0,5.0,2.69250640712398e-05,0.9889430270825931
a2fa0bdc798ee84cdb08281337cf4fb6,354.86,8,0.0,4.75,2.692202940636843e-05,0.9889699491119994
44f091b5abab8018f682fce8124b85e5,354.4,3,0.6666666666666666,3.6666666666666665,2.688713076034766e-05,0.9889968362427598
b88e7c57cb2d8b973b7dd4a2bfa14b36,353.9,4,0.0,4.25,2.6849197449455525e-05,0.9890236854402092
b67d6c666e8dce1d078c882825e12704,352.84,7,0.0,4.857142857142857,2.676877883036419e-05,0.9890504542190396
52092ddbd3a58c450a4459bf051b2287,351.7,6,0.0,4.333333333333333,2.6682290881530115e-05,0.9890771365099211
e53d5b9b29d1218281f4a907ada18626,350.67,4,0.0,4.75,2.6604148261092312e-05,0.9891037406581822
b7d5b4b87af9d42b601865d3f3810bff,350.0,1,0.0,3.0,2.6553317624496845e-05,0.9891302939758067
97e4a63591ca439a2b8b7efd20e6e19e,349.95,5,0.0,4.4,2.654952429340763e-05,0.9891568435001
52bb00821bcdd358a5a5a27e1f6be5a1,349.8,2,0.0,4.5,2.6538144300139992e-05,0.9891833816444001
079d295dcbf06ee8bb1b65ba964eb2b6,349.3,5,0.0,4.6,2.6500210989247853e-05,0.9892098818553894
27a56ff04b34c2ba34ce6ba4d3b9d616,349.28999999999996,8,0.125,4.125,2.6499452323030005e-05,0.9892363813077124
249f0e9905a6e06ad6c6bea7547ab9f6,347.95,3,0.0,3.6666666666666665,2.639779104983908e-05,0.9892627790987623
79565f7d5603b24ddf07ade262547f2f,346.0,7,0.2857142857142857,4.428571428571429,2.624985113735974e-05,0.9892890289498996
918717417d88a9f9ae9735567e6c7682,345.70000000000005,4,0.0,5.0,2.622709115082446e-05,0.9893152560410504
38af8acfd46ac4a7bf754e8ca6736664,345.0,5,0.0,4.8,2.6173984515575463e-05,0.989341430025566
a37c340b91cb0169e8b029db6440fba2,345.0,5,0.0,4.8,2.6173984515575463e-05,0.9893676040100815
f5fea3ffed6c2e889bab72705557c63a,345.0,1,1.0,5.0,2.6173984515575463e-05,0.989393777994597
26b482dccfa29bd2e40703ba45523702,344.78,3,0.0,5.0,2.615729385878292e-05,0.9894199352884558
3985a3c45be355a4c57fde108bfabd1c,344.2,7,0.0,4.0,2.611329121814804e-05,0.989446048579674
7957cac1a02f45d0a4a7e45626382ec2,343.0,1,0.0,4.0,2.602225127200691e-05,0.989472070830946
2a73cba571d90c694b7caca072ccf6ce,342.78,1,1.0,5.0,2.6005560615214366e-05,0.9894980763915612
6219ba2359cfb97f2e38fd4c321eb309,342.6,5,0.6,4.0,2.59919046232932e-05,0.9895240682961844
b9ec22de23f18567de0e09d776ca0309,341.98,2,0.0,5.0,2.5944867317786947e-05,0.9895500131635022
89de2d6f23e9746ff309705b23581faa,340.0,8,0.0,2.7142857142857144,2.579465140665408e-05,0.9895758078149088
ae8bfdbf1c2a2a2dee92d799db0a31c6,339.92,8,0.0,4.125,2.5788582076911337e-05,0.9896015963969857
6650fcccd8cd2f7e55ffa524f30c4c59,339.8,2,0.0,3.0,2.5779478082297226e-05,0.989627375875068
2f4b0d3b9634b647d4edee577d7ebb7e,337.9,10,0.0,4.9,2.5635331500907096e-05,0.9896530112065689
e627629ba868740e287800f1a9be81c2,337.1,11,0.0,4.909090909090909,2.5574638203479677e-05,0.9896785858447724
0743a0239d764b9a0f959a57d07e36ab,336.96,4,0.0,4.75,2.5564016876429874e-05,0.9897041498616489
333c4210e76a1aa2ab817b99437e3ff1,335.0,2,0.0,5.0,2.5415318297732694e-05,0.9897295651799466
c8660dcf9ba70575f45d80fe28c27713,335.0,4,0.25,4.5,2.5415318297732694e-05,0.9897549804982443
a64e44665225d19dfc0277eeeaaccc57,335.0,6,0.16666666666666666,5.0,2.5415318297732694e-05,0.989780395816542
2c538755f1ca9540af144f266e70df6c,334.99,1,0.0,5.0,2.5414559631514853e-05,0.9898058103761735
48efc9d94a9834137efd9ea76b065a38,334.7,32,0.0,5.0,2.539255831119741e-05,0.9898312029344848
61b18775be84fb700a6b2d0ba097bf66,334.5,4,0.0,4.75,2.5377384986840558e-05,0.9898565803194717
7c4618c82226628831613e95e9c22f44,333.92999999999995,13,0.15384615384615385,4.076923076923077,2.5334141012423514e-05,0.9898819144604841
ce616e1913288884e7742faac9d981db,333.3,14,0.07142857142857142,4.428571428571429,2.5286345040699427e-05,0.9899072008055249
c113b8df1fc375bc3d73d29c1b1144d1,333.0,3,0.0,4.333333333333333,2.526358505416414e-05,0.989932464390579
d36b07fd3c5088e477a72d1fccfe29d4,328.9,1,0.0,5.0,2.4952531904848604e-05,0.9899574169224838
f18112da765e0971ca5d510dec322bdd,327.8,2,0.0,4.0,2.4869078620885903e-05,0.9899822860011047
4b98b0428fc1932cc2514ef9ce2505e6,327.63,2,0.5,2.0,2.4856181295182575e-05,0.9900071421823999
6c1b6d0c604b776f844125f911eb7377,327.07,4,0.0,4.0,2.4813695986983382e-05,0.9900319558783869
08d0949a9a17c027262db1f3c450c26c,324.8,12,0.0,3.7083333333333335,2.4641478755533075e-05,0.9900565973571425
6bd503a8230299c9316fb0f726933927,324.28999999999996,4,0.25,4.75,2.4602786778423088e-05,0.9900812001439209
7dea6f73af847b42cc3985bd620f994d,324.0,2,0.0,4.0,2.4580785458105653e-05,0.990105780929379
92d14edfb62ee5ae7fdff70b0f4e7233,322.0,8,0.0,3.375,2.44290522145371e-05,0.9901302099815935
a81466620e46a6970b22ef40379fdfc9,321.8,2,0.0,5.0,2.4413878890180243e-05,0.9901546238604837
7b7ed56ae755e2880f2b69632e839c1e,321.5,5,0.2,4.2,2.439111890364496e-05,0.9901790149793873
d149de2f383552baea37a7198c2296ce,320.70000000000005,3,0.0,5.0,2.4330425606217542e-05,0.9902033454049936
d2f3e277560ed4c6361284429b00f037,320.55,7,0.0,4.714285714285714,2.43190456129499e-05,0.9902276644506065
eb9267cccc90f1b49c8d2f9887c7dd97,319.9,1,0.0,5.0,2.4269732308790116e-05,0.9902519341829152
883dd81e82754ac2c65e9790a7db8c9a,319.5,5,0.0,4.4,2.4239385660076407e-05,0.9902761735685753
c611f4ce9ce875bcc063fa97fd4d7d12,319.0,1,1.0,4.0,2.4201452349184268e-05,0.9903003750209245
1e9d5a33694bddb76316fd1f54734d20,318.0,2,0.0,4.5,2.4125585727399993e-05,0.9903245006066519
57d2ba47f7a3209aa347532ae75c1165,318.0,2,0.0,4.0,2.4125585727399993e-05,0.9903486261923793
2d22fc3089eb907b29ebff50581fb472,317.70000000000005,3,0.0,3.6666666666666665,2.410282574086471e-05,0.9903727290181201
ea4e9ce63a2134743b4a92777437fcdd,316.6,3,0.0,4.666666666666667,2.4019372456902005e-05,0.990396748390577
9cf787a239c1aa29dbd76f153dc13f9a,316.0,4,0.0,4.75,2.3973852483831436e-05,0.9904207222430609
cf1313c6e2c01c2f4b014f97db4bcd2b,315.70000000000005,5,0.2,5.0,2.3951092497296157e-05,0.9904446733355582
3b18f9856c6eb2413eafedb58e9eecd9,315.0,1,0.0,5.0,2.389798586204716e-05,0.9904685713214202
da20530872245d6cd9d2f5725613c430,314.96000000000004,2,0.0,4.5,2.3894951197175792e-05,0.9904924662726173
12c2ed9cded6138cf0c75f525f565fc7,314.96,4,0.5,4.25,2.389495119717579e-05,0.9905163612238145
9ac4f14370b1e24ddc58be041b7f99df,314.51,5,0.0,4.4,2.3860811217372866e-05,0.9905402220350319
8c9348f33ae3dada25c99c99ade2af78,312.99,2,0.0,5.0,2.3745493952260764e-05,0.9905639675289841
3afc536624bc2e65bddfb5db33cc01f3,312.0,6,0.16666666666666666,3.5,2.367038599669433e-05,0.9905876379149808
1acde099eb406aa220b1169b188b42da,311.1,9,0.0,4.222222222222222,2.3602106037088485e-05,0.990611240021018
df47da4ae86fa4db890d05aaf24e21d8,310.5,5,0.0,4.2,2.3556586064017916e-05,0.990634796607082
ad87df7699e83b8a91822a4a0b765c3a,309.9,5,0.0,4.0,2.3511066090947347e-05,0.990658307673173
ba89796db68db180bd389de96b2ff3b6,309.8,2,0.0,5.0,2.3503479428768924e-05,0.9906818111526018
0cab2da43793a6f3c5ed8514c5f54627,309.70000000000005,3,0.0,5.0,2.3495892766590497e-05,0.9907053070453684
ebd1417732defaf66c50b5a800eb293e,309.0,1,0.0,5.0,2.34427861313415e-05,0.9907287498314997
152ee17e4c8aaf53dac99f3462e4999b,308.96000000000004,6,0.0,4.333333333333333,2.3439751466470132e-05,0.9907521895829662
1b45169b635ef59425637e9a33eb5fb3,308.9,7,0.0,4.571428571428571,2.3435199469163072e-05,0.9907756247824353
dbbcfe2c8d026742134ac3e28ccde274,308.59000000000003,4,0.0,4.0,2.341168081640995e-05,0.9907990364632517
b127efdabeffb5d559349c7b172eb75d,308.5,10,0.1,4.8,2.3404852820449363e-05,0.9908224413160722
85cc55e048b6bcc90c75afe7f0e72f72,308.28,9,0.2222222222222222,4.444444444444445,2.3388162163656818e-05,0.9908458294782359
a7a9b880c49781da66651ccf4ba9ac38,307.6,3,0.0,3.6666666666666665,2.3336572860843514e-05,0.9908691660510967
de66a66f2dd06bb9ec37aa96987466a3,307.43,6,0.0,4.0,2.3323675535140186e-05,0.9908924897266318
48bad451945f5227341793478d6353ea,307.0,3,0.3333333333333333,4.0,2.329105288777295e-05,0.9909157807795196
e94b64dc6979b302a5a5be1662c83bb6,306.89,2,0.0,5.0,2.3282707559376675e-05,0.9909390634870789
bc39d8938f90a3a2b98193723ed59774,306.8,2,0.0,4.0,2.3275879563416092e-05,0.9909623393666424
6d2f2e3b539480db1e0842b3a4e32e6e,305.96,3,0.0,3.6666666666666665,2.3212151601117297e-05,0.9909855515182435
085f6f7e049c996695fb2074fe38d45e,305.4,6,0.0,4.0,2.3169666292918104e-05,0.9910087211845364
c76d418370990614e89e956c7a7567d9,305.24,2,0.0,3.5,2.315752763343262e-05,0.9910318787121698
51f108f62cb87d61918159902c8f8583,303.73,3,0.0,4.333333333333333,2.3042969034538363e-05,0.9910549216812043
3d01d1c414c44b5943a09619ff3853cb,303.6,4,0.0,4.5,2.3033106373706408e-05,0.9910779547875781
ad75519a07f039025e83795a4418470f,302.1,3,0.0,3.6666666666666665,2.2919306441029993e-05,0.9911008740940191
a3082f442524a1be452e3189e003b361,301.6,3,0.0,4.333333333333333,2.2881373130137854e-05,0.9911237554671493
2b3b9ce054da76a7428df143a567b156,301.0,5,0.0,3.6,2.283585315706729e-05,0.9911465913203064
6179a28a13a726c29b3bf54c070dccab,300.0,1,0.0,5.0,2.275998653528301e-05,0.9911693513068417
3a3e46d10f74d8a6ca76e2b538f106a0,299.9,2,0.5,4.5,2.275239987310458e-05,0.9911921037067148
2b402d5dc42554061f8ea98d1916f148,299.89,1,0.0,5.0,2.275164120688674e-05,0.9912148553479218
69a43819c758c65a5befb0b471c954d7,299.85,2,0.0,4.0,2.274860654201537e-05,0.9912376039544638
ea3ebea5317b0efbc663ecc8ce5e9bc2,299.70000000000005,3,0.0,4.0,2.273722654874773e-05,0.9912603411810126
6d1b9c9579132c87d2703ec38c30f2c5,299.69,4,0.0,4.5,2.2736467882529884e-05,0.9912830776488951
71593c7413973a1e160057b80d4958f6,299.5,2,0.0,3.0,2.272205322439087e-05,0.9913057997021195
b76f4d90e85657a240495c876313adc5,299.0,1,0.0,5.0,2.2684119913498735e-05,0.991328483822033
f00f5b35d0abcacbdd863672f4bb2c1a,299.0,1,0.0,4.0,2.2684119913498735e-05,0.9913511679419464
a8739afb32aaa45e01815ca76f76f54b,298.83,13,0.07692307692307693,3.769230769230769,2.2671222587795404e-05,0.9913738391645343
9d489893ff6af05029671b785f54b998,298.7,5,0.2,4.0,2.266135992696345e-05,0.9913965005244613
b76a1f8356322f12529c37b67d5c96c2,298.5,5,0.0,4.8,2.2646186602606596e-05,0.9914191467110639
791cfcfe22fe4a771ece27f90017da92,298.13,1,1.0,1.0,2.2618115952546412e-05,0.9914417648270164
c5ebe6598748b0aeaa61cfb820478b92,297.0,3,0.0,4.666666666666667,2.2532386669930182e-05,0.9914642972136863
0ec28cec4046a4a199b6de9b4c891d97,296.6,3,0.0,5.0,2.2502040021216473e-05,0.9914867992537075
eebb3372362aa9a46975164bed19a7e7,295.96,4,0.5,3.25,2.245348538327453e-05,0.9915092527390909
a806a4bb063ea7ca6d374eafa50a6058,294.4,5,0.0,4.0,2.233513345329106e-05,0.9915315878725441
9b1ab052f5fca308ba743ac789ebb2e1,294.09000000000003,2,0.0,4.0,2.2311614800537937e-05,0.9915538994873446
c286ec035ee04ba81c97508f0b5df544,294.0,1,0.0,4.0,2.230478680457735e-05,0.9915762042741492
2bf28e311bba65237358230cabac3f15,294.0,7,0.2857142857142857,3.7142857142857144,2.230478680457735e-05,0.9915985090609537
9d39404483343dd55c7ae254494d8388,293.2,10,0.1,3.5,2.224409350714993e-05,0.9916207531544609
48b6c3f4c6a93171da04b75313f2130f,290.26,2,0.0,5.0,2.2021045639104154e-05,0.9916427742000999
ede2977fbaf3738583170735ca403f6c,289.9,1,0.0,5.0,2.1993733655261814e-05,0.9916647679337552
aadfe0417e61315688b6bd7043361e25,289.9,1,0.0,4.0,2.1993733655261814e-05,0.9916867616674105
f410c8873029fcc3809b9df6d0b28914,289.8,2,0.0,5.0,2.1986146993083388e-05,0.9917087478144037
4dc646b9b9e8e411ef48ba000ea3ac6f,289.70000000000005,4,0.25,2.75,2.1978560330904965e-05,0.9917307263747346
adbe70ab2c97442046d393988c8d1d27,289.5,5,0.0,5.0,2.1963387006548105e-05,0.9917526897617411
aded58c8142dedc5494a81f948431fab,289.5,4,0.0,3.75,2.1963387006548105e-05,0.9917746531487477
04ee0ec01589969663ba5967c0e0bdc0,289.49,1,0.0,5.0,2.1962628340330264e-05,0.991796615777088
392353362d22cc2c236e1ee81ff19890,288.7,5,0.0,4.6,2.1902693709120683e-05,0.9918185184707972
ce20a2ec1514c25e16f2b5b39bc818f0,287.0,4,0.25,4.75,2.1773720452087413e-05,0.9918402921912493
bbe87dce25ba8b38bb61cc7210a3f10b,287.0,2,0.0,5.0,2.1773720452087413e-05,0.9918620659117013
615005a3ef192c00c6f0e977cee3d2bc,286.5,10,0.2,3.8,2.1735787141195277e-05,0.9918838016988425
e83e93b71371817b11d78a63ff156aee,286.0,2,0.0,4.5,2.1697853830303138e-05,0.9919054995526728
a9ae440659f48b7849df83e82734150b,285.0,1,0.0,5.0,2.162198720851886e-05,0.9919271215398814
10264f60a8f0a4d2f30810f5c661c673,284.6,4,0.0,5.0,2.159164055980515e-05,0.9919487131804412
ea1776927851da2532aa70d6a32c095a,283.9,2,0.0,3.5,2.1538533924556155e-05,0.9919702517143657
86bf77bdb52e615674772d5817c6212f,281.8,4,0.0,4.75,2.1379214018809175e-05,0.9919916309283845
b8a0adc91af209270c2c725168eb00fd,281.4,6,0.0,4.0,2.1348867370095462e-05,0.9920129797957545
83c465a786b06574376909b35ef6752a,281.4,3,0.0,5.0,2.1348867370095462e-05,0.9920343286631246
579891617139df7d8671d373f0669622,280.3,8,0.25,4.5,2.126541408613276e-05,0.9920555940772107
6dc9bec584588412a6a338830946a3e4,280.0,1,0.0,2.0,2.1242654099597478e-05,0.9920768367313103
4e0d109ccfba9a1151c103049880c857,279.89,2,0.0,3.0,2.1234308771201204e-05,0.9920980710400815
28fb0829fd777877cdc350d25cb5bd5b,279.8,2,0.0,5.0,2.122748077524062e-05,0.9921192985208568
d2572f31e9023e9850ef986a636ff9bf,279.0,1,0.0,5.0,2.11667874778132e-05,0.9921404653083346
19a7c9f66ffa6452ff4b4c0cca71da27,279.0,1,0.0,5.0,2.11667874778132e-05,0.9921616320958123
debe6615cd90cc0c2eac2b8988e1f628,278.5,5,0.0,4.6,2.112885416692106e-05,0.9921827609499793
fb8904a8ea99f8831b64ce27db2c1765,278.0,2,0.5,4.5,2.1090920856028925e-05,0.9922038518708353
94c49f20a123aeb9360dbf80ff912bf6,277.75,3,0.0,3.6666666666666665,2.1071954200582855e-05,0.9922249238250358
2f4b9d112bfa44a214bc6cef085d17c8,275.09,4,0.0,4.25,2.0870148986636676e-05,0.9922457939740225
2ee0a0689f2f6a72f35a7cb6033f6e7e,272.0,4,0.0,4.0,2.063572112532326e-05,0.9922664296951478
e603cf3fec55f8697c9059638d6c8eb5,270.0,7,0.0,4.571428571428571,2.048398788175471e-05,0.9922869136830296
f682e0f848abafc6f41e0d4e868c66ef,269.98,2,0.5,3.5,2.0482470549319027e-05,0.9923073961535789
87d73636a3acf123e842bb890a4db036,269.9,1,0.0,5.0,2.0476401219576282e-05,0.9923278725547985
bab0a8cd684e41ba6e2637dca0979d3b,269.9,1,0.0,5.0,2.0476401219576282e-05,0.9923483489560181
dcf3755cefcdc158ad0b7bdde51e871b,269.70000000000005,3,0.0,4.0,2.046122789521943e-05,0.9923688101839133
09883d9ab71c8fe8a9bfc7fc3075b07e,269.6,4,0.25,4.0,2.0453641233041e-05,0.9923892638251464
6bb66d9870c2e01c05655c7ed0e7ee13,269.0,3,0.0,3.6666666666666665,2.0408121259970433e-05,0.9924096719464063
58c851d1a3c7cd3da329eb59453fed44,268.99,2,0.0,5.0,2.040736259375259e-05,0.9924300793090001
d73cbd89533ce8b041a9190241453ac8,268.7,3,0.0,4.333333333333333,2.038536127343515e-05,0.9924504646702735
830379336fad8c6f3b15a4a3ddb5c66e,268.0,2,0.0,4.5,2.0332254638186155e-05,0.9924707969249117
f9bbdd976532d50b7816d285a22bd01e,268.0,2,0.0,5.0,2.0332254638186155e-05,0.9924911291795498
c79151301b9d90985d1fa52879213105,267.1,3,0.0,4.666666666666667,2.026397467858031e-05,0.9925113931542284
65a7c0788e4d632ccb5e1b594b87f0bb,266.7,3,0.0,4.333333333333333,2.0233628029866594e-05,0.9925316267822583
5236605f4d4b0b3e4df85b850393fca0,265.3,5,0.2,4.8,2.012741475936861e-05,0.9925517541970176
483ca627d131e18f988349b1655c0acd,264.0,1,0.0,5.0,2.002878815104905e-05,0.9925717829851686
5c853bb56f70f4d14218944bae111d7a,263.13,23,0.0,4.0,1.996278419009673e-05,0.9925917457693587
f8d5c7085db9a4ad2b8c1ffbeb2798c8,263.0,6,0.0,5.0,1.9952921529264774e-05,0.992611698690888
53088c75f948b48a7ece173ac17f0c12,261.70000000000005,3,0.0,5.0,1.9854294920945216e-05,0.9926315529858089
252e76235acb79183cfca6e34f13337d,261.2,3,0.0,3.3333333333333335,1.9816361610053073e-05,0.9926513693474189
6da1992f915d77be95d7fa48b36904af,261.0,7,0.0,4.0,1.980118828569622e-05,0.9926711705357046
aa762680c40618316a896838866140ea,261.0,3,0.3333333333333333,3.3333333333333335,1.980118828569622e-05,0.9926909717239903
21d59342ba150175ca2aa4f8faddeca6,259.9,2,0.0,4.5,1.9717735001733512e-05,0.9927106894589921
984c273121e743dd14767befe6cb17f5,259.6,1,1.0,1.0,1.9694975015198233e-05,0.9927303844340073
bdb3edbaee43a761e2d4f258dc08f348,259.5,5,0.2,3.8,1.9687388353019803e-05,0.9927500718223603
c9e5ad1f6647f5dbd1172adf6ae3cada,259.03,4,0.0,4.75,1.9651731040781192e-05,0.9927697235534011
5e25c632f9db6cfb8bc100421c2737b6,259.0,1,0.0,5.0,1.9649455042127667e-05,0.9927893730084433
1e26c56af8d48424e1df0140a2401f83,258.9,2,0.0,5.0,1.9641868379949237e-05,0.9928090148768233
0af977692321d895349eded183341d28,257.75,2,0.0,4.5,1.955462176489732e-05,0.9928285694985882
9c3c24eca51c52b91c1de727d2a2ae06,257.6,5,0.0,4.6,1.954324177162968e-05,0.9928481127403599
7d294cf9a6a69dc6a0c3e540fff0e039,257.25,5,0.0,4.4,1.951668845400518e-05,0.9928676294288139
31eec405c9bb71dec8e2629a92e764fa,256.89,5,0.0,4.6,1.948937647016284e-05,0.992887118805284
15ead3a5037a918ddb520dfe39a3d2b9,254.5,6,0.16666666666666666,4.833333333333333,1.930805524409842e-05,0.9929064268605281
ebef8d8c92b4fd3226e5d407bbff21ac,253.70000000000002,3,0.3333333333333333,2.6666666666666665,1.9247361946671e-05,0.9929256742224748
d5c530f4884a75ae0dba9c148718d278,252.93,5,0.2,4.0,1.9188944647897106e-05,0.9929448631671227
88ef59b51bdaa941d10a853429f2b6ce,252.9,2,0.0,2.0,1.9186668649243578e-05,0.9929640498357719
446cc09cdbb130904da114e807dbec40,252.8,3,0.0,4.666666666666667,1.917908198706515e-05,0.992983228917759
7f35f9daf223da737b78738fbae4d977,252.0,5,0.0,4.0,1.911838868963773e-05,0.9930023473064487
e88c9b79e592e370d6bd852eeefbf057,251.87,8,0.0,4.75,1.9108526028805774e-05,0.9930214558324775
ae45ad30c2d2e5913094769690a239d2,251.8,1,0.0,5.0,1.9103215365280876e-05,0.9930405590478427
e88f7a2995ba184710d339c5c4bf2e30,251.6,2,0.0,5.0,1.9088042040924016e-05,0.9930596470898836
85ecf03781da592876b7844acc1b729f,251.0,2,0.5,4.5,1.904252206785345e-05,0.9930786896119514
46ef1a25845fc051c2998d878354810c,250.41,5,0.2,4.4,1.899776076100073e-05,0.9930976873727124
0747d5bb69f0586cc869d8af4c50f93e,250.0,10,0.1,3.6,1.8966655446069176e-05,0.9931166540281585
8ccf3cf69651cc1d8a02c8bfaf3b8568,250.0,2,0.5,3.5,1.8966655446069176e-05,0.9931356206836046
13d95f0f6f73943d4ceffad0fc2cd32c,249.99,1,1.0,3.0,1.8965896779851332e-05,0.9931545865803845
1703bc09972dab9782e7a9194943b69f,249.9,1,0.0,5.0,1.895906878389075e-05,0.9931735456491684
5d505d2298ad549e4e4e835562fa0c1e,249.8,2,0.0,5.0,1.895148212171232e-05,0.9931924971312901
c0f783394e37cd9c9d7f5f81141450fa,249.39999999999998,6,0.0,3.6,1.8921135472998607e-05,0.9932114182667631
42b6488f5b8246d9141712abd4b1b693,247.99,2,0.0,4.0,1.881416353628278e-05,0.9932302324302994
32f1bb9dfa65bc7df5c0d9d95a616be4,246.49,4,0.25,4.0,1.8700363603606365e-05,0.993248932793903
baa49d93c8c8841e27400a300f5d74b2,246.39999999999998,6,0.16666666666666666,4.5,1.869353560764578e-05,0.9932676263295107
88ae906ea2acf6971f26c3e8b7cb4357,246.0,3,0.3333333333333333,3.3333333333333335,1.866318895893207e-05,0.9932862895184696
5721089ba9214e80074f27d5a03fc0eb,245.92999999999998,5,0.0,5.0,1.8657878295407168e-05,0.993304947396765
5194c22ed1f616ec0c0f33c571542879,245.6,4,0.0,4.25,1.8632842310218357e-05,0.9933235802390752
14f2b3587172b9db894c9bad8dab520b,244.0,2,0.0,2.5,1.8511455715363516e-05,0.9933420916947906
89bc797e2e29667aa035d4368f9b7f92,243.89999999999998,12,0.25,4.083333333333333,1.8503869053185086e-05,0.9933605955638438
5733d806668f8712c24b9abaefbfa642,243.8,2,0.0,5.0,1.849628239100666e-05,0.9933790918462349
77714512e8d4dda9c234da8e3faf16e4,243.4,4,0.0,4.25,1.846593574229295e-05,0.9933975577819771
c70a353f02429c00775a46a75fb787da,242.0,6,0.0,4.666666666666667,1.8359722471794963e-05,0.9934159175044489
9853a239ab7b7ebbdc3a21248d5b8e1f,242.0,4,0.25,3.75,1.8359722471794963e-05,0.9934342772269207
31be790e64fc99f8ff48ec2bd18a3104,241.39999999999998,6,0.3333333333333333,4.333333333333333,1.8314202498724394e-05,0.9934525914294194
0761743cbffb25d7148189e9f1a5f03a,241.2,3,0.0,4.666666666666667,1.829902917436754e-05,0.9934708904585938
85044848b1b767db2a4a58526adef4b4,240.60000000000002,4,0.0,3.25,1.8253509201296975e-05,0.9934891439677951
5e9f5bd34e0830569f05c9d4f56e04a8,239.98,2,0.0,4.5,1.820647189579072e-05,0.9935073504396909
70c4eedec9cb4a85cda2f3f9673557b4,239.9,1,0.0,5.0,1.820040256604798e-05,0.9935255508422569
422be4cc81a457fdb46f47edeb968ae5,239.9,1,0.0,5.0,1.820040256604798e-05,0.993543751244823
70f7e8018e3d46c748c92f026aa2585a,239.8,1,0.0,5.0,1.8192815903869553e-05,0.9935619440607268
2d9e8987a2ea5cf88dce330249043ff1,239.8,2,0.0,4.5,1.8192815903869553e-05,0.9935801368766307
d7b2377bae6ace1b11fc69a11900ac36,239.70000000000002,3,0.3333333333333333,3.6666666666666665,1.8185229241691127e-05,0.9935983221058724
ec8463980a4e0ea9f8517aea1ed0c419,239.2,2,0.5,5.0,1.8147295930798988e-05,0.9936164694018031
024b564ae893ce8e9bfa02c10a401ece,239.0,1,0.0,4.0,1.813212260644213e-05,0.9936346015244096
ffff564a4f9085cd26170f4732393726,238.5,6,0.0,3.3333333333333335,1.8094189295549992e-05,0.9936526957137052
25debeafbce801fdd479539350185eee,237.85,5,0.0,3.0,1.8044875991390213e-05,0.9936707405896966
d1a5cc844736958c11b8efab9a2b4c87,237.6,1,1.0,1.0,1.8025909335944144e-05,0.9936887664990326
e83c76265fc54bf41eac728805e4da77,237.29999999999998,8,0.125,3.625,1.800314934940886e-05,0.993706769648382
2e0dba2da448400b1c11d7b4b22f32a4,235.87,7,0.0,3.142857142857143,1.7894660080257345e-05,0.9937246643084623
534a01cc6df1e034e05c32028a291fa2,235.59,5,0.0,4.4,1.787341742615775e-05,0.9937425377258885
a663d9c3797e90eac99ff60939416a56,235.0,1,0.0,5.0,1.7828656119305025e-05,0.9937603663820078
94b9108d4b637ba65bb4f1e53cfcf8d8,234.95999999999998,7,0.14285714285714285,4.428571428571429,1.7825621454433652e-05,0.9937781920034623
508808d438fe2ff972ed13bb8f4a82e2,234.84,9,0.0,4.666666666666667,1.781651745981954e-05,0.9937960085209221
1e47defeeadeca0e9a18fa5a9311e735,234.12,3,0.0,5.0,1.776189349213486e-05,0.9938137704144142
cb32766839f443db85c82a43c4a6c19e,234.0,2,0.0,3.0,1.775278949752075e-05,0.9938315232039118
d9cb0052a666de5308b32f32ad5f1b1c,231.89999999999998,3,0.0,3.6666666666666665,1.7593469591773767e-05,0.9938491166735035
e64882b4ef12aee8d0faca4db5b681f4,230.0,1,0.0,4.0,1.744932301038364e-05,0.9938665659965139
72431a818f97fe6ab9c81eee3e297e54,229.9,1,0.0,5.0,1.7441736348205214e-05,0.9938840077328621
740205fedfe4e90ca6857bc77db0f2b4,229.9,1,0.0,5.0,1.7441736348205214e-05,0.9939014494692103
1746c1ae87ac63d530c7c943d0ac42e2,229.9,1,0.0,5.0,1.7441736348205214e-05,0.9939188912055585
9539213aa8e023c01937bef95dc006da,229.1,9,0.3333333333333333,4.555555555555555,1.738104305077779e-05,0.9939362722486094
615c3462099ffa940d37b17dfda19594,229.0,2,0.0,5.0,1.7373456388599365e-05,0.993953645704998
75745ef7bc7d4f3ea3380f6f5303f514,228.4,3,0.0,5.0,1.73279364155288e-05,0.9939709736414135
8dfbc5ff27df12f6cef751d3b9554222,226.0,4,0.0,4.5,1.7145856523246534e-05,0.9939881194979368
b05b432bf68945d4d9783f9e3ca29ee8,224.8,2,0.0,4.5,1.7054816577105402e-05,0.9940051743145139
8a8835a43bda99fd37310ad76c457510,224.34,2,0.0,4.5,1.7019917931084636e-05,0.994022194232445
94ca168e8bcb407ab85c5da308863027,224.3,5,0.0,5.0,1.7016883266213267e-05,0.9940392111157111
6c6e3d67f969468f3bfd33f827a31222,224.0,5,0.0,4.8,1.699412327967798e-05,0.9940562052389909
81ed90f07c0bacb7594940ba2ef676aa,223.9,2,0.0,4.5,1.6986536617499554e-05,0.9940731917756084
0e44d110fa6a54e121cb2c095a77762f,223.32,6,0.16666666666666666,4.333333333333333,1.6942533976864673e-05,0.9940901343095853
08ad4ac1388e4420ca531c3edfc46198,221.61999999999998,6,0.0,2.8333333333333335,1.6813560719831402e-05,0.9941069478703051
f419677537694f0462a91990df6ca44f,220.5,6,0.16666666666666666,4.0,1.6728590103433013e-05,0.9941236764604086
edf3fabebcc20f7463cc9c53da932ea8,219.9,1,1.0,4.0,1.6683070130362447e-05,0.9941403595305389
bec568278124768c474ee90971ca94d1,219.9,2,0.0,4.5,1.6683070130362447e-05,0.9941570426006693
20611af7866c6068fd5ae1f9dbe15c92,219.8,2,0.0,4.5,1.667548346818402e-05,0.9941737180841375
e0a3c37054ade6478d923a6efc10f308,219.8,2,0.0,5.0,1.667548346818402e-05,0.9941903935676056
f8e2c1b59cd4225a3e4fd0d013a76b93,219.8,2,0.0,5.0,1.667548346818402e-05,0.9942070690510738
a5dd1946fb63ada8bcaa0c9cd8f11e22,219.62,6,0.0,3.8333333333333335,1.666182747626285e-05,0.9942237308785501
c3fe93ba3085f92855c97e57f38c8c05,219.0,6,0.0,5.0,1.66147901707566e-05,0.9942403456687209
3442f8959a84dea7ee197c632cb2df15,218.70000000000002,3,0.3333333333333333,3.0,1.6592030184221316e-05,0.9942569376989051
751e274377499a8503fd6243ad9c56f6,218.0,1,0.0,5.0,1.653892354897232e-05,0.9942734766224541
6548c2550b6e2d8f18053216e1c7b6f3,217.7,3,0.0,5.0,1.6516163562437038e-05,0.9942899927860166
d594982fd877af63ace38ea1fca27c76,217.04,7,0.0,4.428571428571429,1.6466091592059415e-05,0.9943064588776086
3d49bfdd1b43a7fe169b3740067acc61,215.0,3,0.0,4.666666666666667,1.6311323683619492e-05,0.9943227702012922
a4b8d97cd5d3674eeff96abc99d8ed67,214.08,1,0.0,1.0,1.6241526391577956e-05,0.9943390117276838
33ab10be054370c254ddfcf0a6253422,213.2,4,0.0,5.0,1.6174763764407792e-05,0.9943551864914482
4ea2f12dbe91deeacd2c1e74f069a6e6,210.2,4,0.0,4.75,1.594716389905496e-05,0.9943711336553472
28405831a29823802aa22c084cfd0649,210.0,6,0.0,4.5,1.5931990574698108e-05,0.9943870656459219
a9415cf907dfa12f9ed18693244f5329,210.0,1,0.0,5.0,1.5931990574698108e-05,0.9944029976364966
661ad5fcc28cdfb8bcadb12bb2272475,209.93,4,0.0,5.0,1.592667991117321e-05,0.9944189243164078
269c5fc9fcadee614364c3620c30a1f9,209.6,3,0.3333333333333333,5.0,1.5901643925984395e-05,0.9944348259603337
3fadb4cba4c35bce6a7eaf9872d5623a,209.5,3,0.0,3.3333333333333335,1.589405726380597e-05,0.9944507200175975
929f342384a6607afe143d789ade1316,209.4,4,0.0,5.0,1.5886470601627542e-05,0.9944666064881991
3fefda3299e6dfaea3466ef346a3571a,209.0,1,0.0,4.0,1.585612395291383e-05,0.994482462612152
10cdd491d1dbea8fb4ead97b19c334ce,208.9,3,0.0,5.0,1.5848537290735403e-05,0.9944983111494428
1de62b6f2fd96227629786db492433db,208.8,2,0.0,5.0,1.5840950628556976e-05,0.9945141521000713
5a9c0859cb00fd8aa4db443837f0a700,208.0,2,0.0,4.5,1.5780257331129554e-05,0.9945299323574025
353e21e8bf8de2722b4fae1636664b76,208.0,4,0.0,2.5,1.5780257331129554e-05,0.9945457126147337
90b57083da5d803237da74daec6dcb2b,206.9,2,0.0,5.0,1.569680404716685e-05,0.9945614094187808
762fafdaa57a532ee0119731697579dd,206.7,5,0.0,5.0,1.5681630722809993e-05,0.9945770910495036
e5d4b2b0c3bca22085f7a19a28de0c42,205.8,4,0.25,4.5,1.5613350763204145e-05,0.9945927044002668
dd8a29ce82d5c705ba932d81494600a5,205.75,2,0.0,3.5,1.560955743211493e-05,0.9946083139576989
643c01d7c56a724bec0454f4780e8a3e,205.55,2,0.0,4.5,1.559438410775808e-05,0.9946239083418067
efb628aa07c8ca93d7db0d85b91a4f5a,204.0,1,1.0,4.0,1.5476790843992448e-05,0.9946393851326507
e819bcfade7b5d88a27325eb6cfd62c5,202.89999999999998,5,0.2,4.2,1.539333756002974e-05,0.9946547784702108
f26d70155c2b6326fcfa1780c8c684e4,202.89,1,0.0,5.0,1.53925788938119e-05,0.9946701710491046
bcc9dd23e2a8bd8267cf92b19304a1b9,202.79000000000002,3,0.6666666666666666,2.3333333333333335,1.5384992231633473e-05,0.9946855560413362
19484c79cef6c062cb177aa4ef2fcc3c,201.9,1,1.0,1.0,1.5317470938245468e-05,0.9947008735122744
28c7d8743fbc8679f484868cc0fcaefb,201.5,3,0.0,5.0,1.5287124289531755e-05,0.994716160636564
72146da5774cabf2632faedcae097a76,200.94,4,0.25,4.0,1.524463898133256e-05,0.9947314052755453
3f84fefc07dc159b268d4a77d3e8c425,200.6,3,0.0,5.0,1.5218844329925905e-05,0.9947466241198752
5db42a6cd9bf1bf0d3aab9582767f168,200.0,1,0.0,5.0,1.517332435685534e-05,0.9947617974442321
dbc51f5e45d654ecc16cb68e6817ecea,199.99,1,0.0,4.0,1.5172565690637499e-05,0.9947769700099227
dda37071807e404c5bb2a1590c66326f,199.99,1,0.0,5.0,1.5172565690637499e-05,0.9947921425756133
3289d8c3eef4873f91ce0b1343c0dd58,199.99,1,0.0,5.0,1.5172565690637499e-05,0.9948073151413039
3fe7120d6257285ac6a3ce7cb071ccec,199.98,2,0.0,3.5,1.5171807024419653e-05,0.9948224869483283
651530bf5c607240ccdd89a30c9c9712,199.9,1,0.0,4.0,1.5165737694676913e-05,0.994837652686023
e59e575a175fadcadf8479e191770425,199.9,1,0.0,5.0,1.5165737694676913e-05,0.9948528184237176
2a50b7ee5aebecc6fd0ff9784a4747d6,199.8,1,1.0,1.0,1.5158151032498487e-05,0.9948679765747501
4f0d637c1197fd65405ebd755ac9f86b,199.8,2,0.0,5.0,1.5158151032498487e-05,0.9948831347257826
2cb4700db635baa1c0d4f90ed27b6669,199.8,2,0.0,2.0,1.5158151032498487e-05,0.9948982928768151
800214c63934acd05d47e84214db8ba8,199.70000000000002,3,0.0,5.0,1.5150564370320059e-05,0.9949134434411854
ec5c1d94df153d473b37f880977ae58e,199.67000000000002,2,0.0,2.0,1.514828837166653e-05,0.994928591729557
8060d731897e33b5c5ae575ce1e209e1,199.5,5,0.0,4.8,1.5135391045963202e-05,0.994943727120603
e1bed63d68ac36fe1f3061befe196af5,199.0,1,0.0,5.0,1.5097457735071063e-05,0.9949588245783381
4450bd8327d471c4a11a83d1445b1b62,199.0,1,0.0,5.0,1.5097457735071063e-05,0.9949739220360732
e9874ae10b2d60d43917b6bbfa13a599,199.0,1,0.0,5.0,1.5097457735071063e-05,0.9949890194938082
52f6f9f13ba19504c02781132a049e75,199.0,1,0.0,2.0,1.5097457735071063e-05,0.9950041169515433
4ce8b55b4bfa4659184e7becc1fba3f2,199.0,2,0.0,3.0,1.5097457735071063e-05,0.9950192144092784
3d290fe363c60a77498c1126fd3fb8d3,198.98,3,0.0,4.333333333333333,1.5095940402635377e-05,0.995034310349681
e503f22be6a4f456d9851920a5d9c670,198.9,2,0.0,4.0,1.5089871072892637e-05,0.9950494002207539
ad8b531ae67582f096925cff5630d0d1,198.45000000000002,2,0.0,4.0,1.5055731093089712e-05,0.995064455951847
586a871d4f1221763fddb6ceefdeb95e,198.0,1,1.0,1.0,1.5021591113286786e-05,0.9950794775429603
d8dd176509baa37f359644d082bf7f7b,198.0,2,1.0,1.5,1.5021591113286786e-05,0.9950944991340737
6f835fd4be26989b1b064399da346143,197.8,2,0.0,5.0,1.5006417788929932e-05,0.9951095055518626
9da15f4a4ea758d9eeb49000dbe57e22,196.9,1,1.0,2.0,1.4938137829324083e-05,0.995124443689692
fe8055980a4ff7f64ed889c2b5926929,196.70000000000002,3,0.0,4.666666666666667,1.4922964504967229e-05,0.995139366654197
809413606dbfe5deefd2db646693ef67,196.68,3,0.0,4.333333333333333,1.4921447172531542e-05,0.9951542881013695
8def3db7f272735afb2ecd03aeca09a7,196.0,2,0.0,5.0,1.4869857869718233e-05,0.9951691579592392
0f7eea709efdf942b5f95c7516dbacd7,195.74,3,0.0,4.0,1.4850132548054323e-05,0.9951840080917873
f356c348fbc8df6a882823e21f5ce8b7,195.18,2,0.0,2.5,1.4807647239855127e-05,0.9951988157390271
9c54608f0996c32ae4743089d915f845,194.8,3,0.0,4.0,1.4778817923577102e-05,0.9952135945569507
b5f49fe968dff6b112861e6cd8e192ef,194.70000000000002,1,0.0,5.0,1.4771231261398675e-05,0.995228365788212
7d948535954aaf8c5d39db007f74372e,194.0,4,0.0,3.75,1.471812462614968e-05,0.9952430839128382
f626e15b7314c267e4429010866f70e9,193.54999999999998,5,0.0,3.8,1.4683984646346754e-05,0.9952577678974845
05e107217c7266362fd44b75b2cd4cc4,193.38,5,0.4,4.2,1.4671087320643428e-05,0.9952724389848052
747c1cdcd1737dcfbd1547f6eb6f2cf3,193.1,2,0.0,2.5,1.4649844666543832e-05,0.9952870888294718
4d9fea3499bdc22aa4da4e339365f215,192.54000000000002,2,0.0,5.0,1.4607359358344638e-05,0.9953016961888301
78ba5933c21686d1c2f64669c8c459e7,191.8,2,0.0,4.25,1.4551218058224272e-05,0.9953162474068884
f307937c1bb287c3efc2a514b94b0d1d,189.99,1,0.0,5.0,1.4413899472794731e-05,0.9953306613063612
778323240ce2830d68aab11794e00bfb,189.98000000000002,3,0.0,4.333333333333333,1.4413140806576889e-05,0.9953450744471677
7cf4ea70955b00d6b3c22542598e2715,189.9,1,0.0,5.0,1.4407071476834147e-05,0.9953594815186445
43a1d4bab73b816e44ef4e4facd9f9b5,189.9,1,0.0,4.0,1.4407071476834147e-05,0.9953738885901213
119c7f1a00ef43fad0e57604e76a747c,189.8,2,0.0,4.5,1.4399484814655719e-05,0.995388288074936
213fafb0ca06fb3d5886579c2565791b,189.70000000000002,3,0.0,2.3333333333333335,1.4391898152477292e-05,0.9954026799730884
686886775c8f6b1191c7b953fb52708c,189.0,1,0.0,5.0,1.4338791517228297e-05,0.9954170187646056
299c89a525fee36c567f4fe72f038100,189.0,1,0.0,3.0,1.4338791517228297e-05,0.9954313575561229
e0482f2c769468c3bbcd8a01e09d98c5,189.0,1,0.0,4.0,1.4338791517228297e-05,0.9954456963476401
b00af24704019bd2e1b335e70ad11f7c,189.0,1,0.0,5.0,1.4338791517228297e-05,0.9954600351391574
c360e4787614ed31ac7a2f95d3b22dc6,188.9,1,0.0,2.0,1.4331204855049869e-05,0.9954743663440124
c0aff2da32c17759d30b22fb0af6649d,188.8,4,0.0,3.75,1.4323618192871442e-05,0.9954886899622053
4c1c7281388a33dd06daac44f9fadbd1,188.32,5,0.0,4.8,1.4287202214414988e-05,0.9955029771644197
a3b0df0065e264a91b7bbf5f844af5cd,186.69,2,0.0,5.0,1.4163539620906617e-05,0.9955171407040406
3a79f35a2344ede41af21267f61d5ec6,186.0,1,0.0,1.0,1.4111191651875467e-05,0.9955312518956925
eec3469d83e142f9a104886655338c37,185.7,4,0.0,4.5,1.4088431665340182e-05,0.9955453403273579
9e7c5f4d7770eab65738cca38f9efccf,184.8,2,0.0,3.5,1.4020151705734336e-05,0.9955593604790636
2075d8cd4dd63ff12df0749a5866bb06,184.70000000000002,3,0.0,5.0,1.4012565043555908e-05,0.9955733730441071
7d484ca289afaac6bf5fc6a1e96d2226,183.2,2,0.5,4.0,1.3898765110879492e-05,0.995587271809218
c990d6cf976a5718aaedc539f383ab88,183.1,8,0.375,3.625,1.3891178448701064e-05,0.9956011629876668
1c56ffe0e9dea2657fc6e95b53f40b13,183.0,3,0.0,4.333333333333333,1.3883591786522637e-05,0.9956150465794533
3dfd3dc96f7f8598eca74e9ac8a2fa31,183.0,6,0.16666666666666666,4.0,1.3883591786522637e-05,0.9956289301712399
23ca5f678e0b3ea6c630b30fa8bf51ea,183.0,6,0.0,5.0,1.3883591786522637e-05,0.9956428137630264
478bfe564db21eeb44386606aa30b650,182.70000000000002,3,0.0,4.666666666666667,1.3860831799987354e-05,0.9956566745948264
5659d77e8d90378e39b960ad5956f64e,182.48000000000002,2,0.5,2.5,1.3844141143194813e-05,0.9956705187359697
31e60bf8d103ce47932a85f5562deb16,181.0,1,0.0,5.0,1.3731858542954084e-05,0.9956842505945126
8ca5b19e0263150d2c57afdde2b3d011,180.60000000000002,3,0.0,4.666666666666667,1.3701511894240375e-05,0.9956979521064069
9dd459b29a14bf89d47183cf2cd0e4c7,180.0,2,0.5,5.0,1.3655991921169807e-05,0.995711608098328
88cd3681e0a2ba85e190f7d817629c4c,180.0,1,0.0,4.0,1.3655991921169807e-05,0.9957252640902492
9c57bc60cfad5ee62d35d3f1ce4593a1,180.0,1,1.0,1.0,1.3655991921169807e-05,0.9957389200821704
94165aea8a35c3c21499cbcae239b16c,180.0,1,0.0,2.0,1.3655991921169807e-05,0.9957525760740915
964ff64dc05b13811c6d0f41e0aa5f6b,180.0,1,0.0,5.0,1.3655991921169807e-05,0.9957662320660127
7ad41305e96a6cab8294cd65891e9a86,180.0,2,0.0,5.0,1.3655991921169807e-05,0.9957798880579338
50bf89f1349bc0409a268c3a49678009,179.9,1,0.0,5.0,1.3648405258991379e-05,0.9957935364631928
05ca864204d09595ae591b93ea9cf93d,179.9,1,1.0,5.0,1.3648405258991379e-05,0.9958071848684518
7f5e4d5efad7e44b91115dd1decb65f3,179.9,3,0.0,5.0,1.3648405258991379e-05,0.9958208332737107
762ed976527cddf02787edba70fffa2a,179.8,3,0.0,2.3333333333333335,1.3640818596812953e-05,0.9958344740923075
184a67a8f9f63234d3a92340bbdb727f,179.18,6,0.0,4.666666666666667,1.35937812913067e-05,0.9958480678735988
2235cf78d3e2073a88146a9cb60f0dd0,178.99,1,0.0,5.0,1.3579366633167688e-05,0.995861647240232
880ce4951cf857ab1d9e0b75c1d856f4,178.9,1,0.0,5.0,1.3572538637207102e-05,0.9958752197788692
f3975e8a41157005d4bcbb358678cd9b,178.8,2,0.0,5.0,1.3564951975028676e-05,0.9958887847308442
6f1a1263039c76e68f40a8e536b1da6a,178.69,2,0.5,2.0,1.3556606646632404e-05,0.9959023413374908
57fe6232e67823593374a2281d7a8af8,178.68,8,0.0,4.75,1.3555847980414561e-05,0.9959158971854712
19e0f40a907ec568c34bfac15de4f4a1,178.0,4,0.0,5.0,1.3504258677601252e-05,0.9959294014441489
1352e06ae67b410cdae0b2a22361167b,178.0,2,1.0,3.0,1.3504258677601252e-05,0.9959429057028265
ab9db4cf53b08b828b64dccaafc2d9f0,177.78,4,0.0,5.0,1.3487568020808713e-05,0.9959563932708473
2d2322d842118867781fc737e96d59a1,176.4,8,0.125,4.875,1.338287208274641e-05,0.99596977614293
a0a14e50070f3225b3eabba5b85da517,176.2,4,0.0,4.5,1.3367698758389554e-05,0.9959831438416884
c353f8fc0ce8344999f17d578eb69a5e,175.98,2,0.0,5.0,1.3351008101597013e-05,0.99599649484979
cbbd5ae8f53de5f5097cd8217b529e24,175.9,1,0.0,4.0,1.3344938771854273e-05,0.9960098397885618
485452467ff670447e84a8370c3fc898,175.7,3,0.0,4.666666666666667,1.3329765447497416e-05,0.9960231695540094
b906dd0e57f282c7089171b6ed07982e,175.0,2,0.0,4.0,1.3276658812248422e-05,0.9960364462128216
4dc2e811a1760953cb7c6a590b498943,175.0,1,0.0,5.0,1.3276658812248422e-05,0.9960497228716338
f92d8c817434bd2d84d4e9c61322b7fa,174.84,5,0.2,4.6,1.3264520152762939e-05,0.9960629873917866
23ff42c4bf1f8f16cddb19d8b972974a,174.70000000000002,2,0.0,4.0,1.3253898825713141e-05,0.9960762412906122
dd9661d3cda1e6feb237f0c4d8b26f2e,174.0,1,0.0,5.0,1.3200792190464146e-05,0.9960894420828027
0692610d8abe24f287e9fae90ea0bbee,173.99,4,0.25,4.0,1.3200033524246304e-05,0.9961026421163269
99a25c39b28a74d1151c35c18d178292,173.94,1,0.0,5.0,1.3196240193157089e-05,0.9961158383565201
aae5953b9edddf14749c0d65d60eb4b9,173.0,2,0.0,5.0,1.312492556867987e-05,0.9961289632820888
ccada0ef508e698917a6eab263375905,172.8,3,0.0,3.6666666666666665,1.3109752244323015e-05,0.9961420730343331
50770d25768b0486d89be26afca3108f,171.76999999999998,6,0.16666666666666666,4.0,1.3031609623885208e-05,0.996155104643957
55c96925041a14097b6a7825554f4ad5,170.0,5,0.4,4.6,1.289732570332704e-05,0.9961680019696603
e1643dff33666ca629e3644c02738179,170.0,3,0.0,4.333333333333333,1.289732570332704e-05,0.9961808992953636
3ea08c48e851106d2f584349daba335f,170.0,1,0.0,4.0,1.289732570332704e-05,0.9961937966210669
5ca5d579b5857ee8709479b1047cecc3,169.99,1,1.0,1.0,1.2896567037109197e-05,0.996206693188104
7fe21dd00d2f4943ae09525efa2fd674,169.8,2,0.0,5.0,1.2882152378970185e-05,0.9962195753404829
695051e2981c8b19e77cafe450d5bdf3,169.76,1,0.0,5.0,1.2879117714098812e-05,0.996232454458197
b01c2b7b8599b325103ebcddc67413e1,169.45,4,0.0,4.75,1.2855599061345687e-05,0.9962453100572584
d9c349beabc06aa6ff1c6d68b5e9e22e,168.1,1,0.0,5.0,1.2753179121936913e-05,0.9962580632363803
c7c7b2682c648339a0e9846bb1023a39,168.0,2,0.0,4.5,1.2745592459758486e-05,0.9962708088288401
51a04a8a6bdcb23deccc82b0b80742cf,167.99,1,1.0,1.0,1.2744833793540644e-05,0.9962835536626337
7178e1eaa97257d8b6d4b80efd77a025,167.9,1,0.0,5.0,1.2738005797580058e-05,0.9962962916684313
89d9a386b0b6e5fc8403071b03f7206a,167.0,2,0.0,4.0,1.266972583797421e-05,0.9963089613942693
1d1bbb8ac1581824986f582583fff01d,166.88,4,0.25,3.5,1.2660621843360095e-05,0.9963216220161126
1e483cc5c76fef08d3ca05f9a8af7d01,166.09,9,0.0,4.444444444444445,1.2600687212150517e-05,0.9963342227033248
1cbdc7cf130a41fd13a3c2a7d2fcfda7,165.8,2,0.0,5.0,1.2578685891833078e-05,0.9963468013892167
2ea0861cc19e94cad86438c984c52da4,165.6,6,0.0,3.3333333333333335,1.2563512567476222e-05,0.9963593649017842
33d677f27a69b84051204ee4ae76eaca,165.0,9,0.0,4.555555555555555,1.2517992594405656e-05,0.9963718828943786
76d336555bb25f3165d2f0d6da719c40,165.0,1,0.0,3.0,1.2517992594405656e-05,0.996384400886973
e45edf75f568ed2f93f78d060e246e25,164.29999999999998,6,0.16666666666666666,4.166666666666667,1.246488595915666e-05,0.9963968657729322
f19516b9ff26bfeb091b30108db4ddbd,162.7,3,0.0,3.6666666666666665,1.2343499364301818e-05,0.9964092092722965
98e164d549402270247f3c96a1a158ef,162.7,2,0.0,2.5,1.2343499364301818e-05,0.9964215527716608
bff9deb0ec77d437f3305a79cf25529e,161.95,5,0.0,4.0,1.2286599397963611e-05,0.9964338393710588
d3e7d37c0df9aef383f3f2a15b0dddfb,161.0,1,0.0,5.0,1.221452610726855e-05,0.996446053897166
d9d43faf741ceaa8da52fdbb81d9e0e3,161.0,4,0.0,4.0,1.221452610726855e-05,0.9964582684232732
3442033154be05bac582e173ef54fd12,161.0,1,0.0,5.0,1.221452610726855e-05,0.9964704829493805
fc6295add6f51a0936407ead70c1001d,160.0,1,0.0,1.0,1.2138659485484273e-05,0.9964826216088659
aa2640d851ec322526f1295bbeb20092,159.98,1,0.0,3.0,1.2137142153048587e-05,0.996494758751019
533d46c1b06970e99f09523a61df4972,159.98,2,0.0,4.5,1.2137142153048587e-05,0.9965068958931721
2039c5e51785b5dde7cf93ccb3b7be2c,159.9,1,0.0,5.0,1.2131072823305845e-05,0.9965190269659954
fc0b214b59a83615fea981c6424a02ae,159.9,1,0.0,5.0,1.2131072823305845e-05,0.9965311580388186
913fd0ebba70bb919f7254a02239173c,159.9,1,0.0,1.0,1.2131072823305845e-05,0.9965432891116419
99cd94252748d2bdde08e17858233602,159.8,2,0.0,4.5,1.2123486161127418e-05,0.996555412597803
6902157ee16728322d61a1321fa79e58,159.8,2,0.0,3.0,1.2123486161127418e-05,0.9965675360839641
2ec6e37d992a95eaddb3369dcbcc76d9,159.8,2,0.0,1.5,1.2123486161127418e-05,0.9965796595701252
b7e1750c1157341d2abd0251e07c186b,159.6,3,0.0,4.333333333333333,1.210831283677056e-05,0.996591767882962
0ade5cc4a305ed7093a23f68ca47519c,158.88,2,0.0,5.0,1.2053688869085882e-05,0.9966038215718311
954e95f20808d7e5d11f0de292d078e0,158.78,3,0.0,4.666666666666667,1.2046102206907456e-05,0.9966158676740381
c04d70d515d15a7e3db3a73320598566,158.2,3,0.0,5.0,1.2002099566272573e-05,0.9966278697736044
ce3ad9de960102d0677a81f5d0bb7b2d,158.0,1,0.0,5.0,1.1986926241915718e-05,0.9966398566998463
f1ce5fdecd64935c28b9ff932751d0dc,158.0,2,0.0,4.5,1.1986926241915718e-05,0.9966518436260883
98dddbc4601dd4443ca174359b237166,158.0,2,0.0,5.0,1.1986926241915718e-05,0.9966638305523302
dde698c6d0bd24834c586e5111c2bba7,155.9,1,0.0,5.0,1.1827606336168738e-05,0.9966756581586664
d2df77822373f19934e87694d8640767,155.9,2,0.0,3.0,1.1827606336168738e-05,0.9966874857650027
b9de031b671cd48b28fae9d828cbf2b4,155.32,1,0.0,5.0,1.1783603695533857e-05,0.9966992693686982
3c88ed2e76a2247933a15daa7161eb1c,155.0,1,0.0,5.0,1.1759326376562888e-05,0.9967110286950748
4dab98ca6cd6d3df586203cefd28a042,154.9,1,0.0,5.0,1.1751739714384462e-05,0.9967227804347891
f664f98bfda2eaf266a23ff144e7a872,153.99,2,0.0,3.0,1.168270108856077e-05,0.9967344631358777
90b36c5aeb728d5504a39f435bef0c5f,153.89,4,0.0,5.0,1.1675114426382341e-05,0.996746138250304
0b09101900100c0e9d312861fad5a1b9,153.75,1,0.0,4.0,1.1664493099332544e-05,0.9967578027434033
6601ee6383e7f452be71929f8de48bbb,153.6,2,0.0,4.0,1.16531131060649e-05,0.9967694558565093
d26aa40b90272d4843d63be7c1462c8d,152.9,2,0.0,4.5,1.1600006470815909e-05,0.9967810558629802
78813699ffac347fe27dba345a5f1551,152.42,1,0.0,5.0,1.1563590492359454e-05,0.9967926194534725
4ddeb3e828550cddc8d45c8bc36ab2d1,152.0,1,0.0,5.0,1.1531726511210058e-05,0.9968041511799838
56f413900b5166ab4d730e9ac0b12cb0,151.79,3,0.0,4.666666666666667,1.151579452063536e-05,0.9968156669745044
bd0a1b0aadca9a83d9304f7e8ff5fbd5,150.6,4,0.0,4.5,1.142551324071207e-05,0.9968270924877451
4867209cb29b56b92893d7bde3ce8012,150.0,1,0.0,4.0,1.1379993267641505e-05,0.9968384724810128
2d34636518ba88f5349b732fcf8ba2e4,150.0,1,0.0,5.0,1.1379993267641505e-05,0.9968498524742804
3dc69bf2c42f0568a5c4791ec3fd3745,150.0,1,0.0,3.0,1.1379993267641505e-05,0.996861232467548
578fa3a9cb6b6dceab39231ad59cdaca,150.0,3,0.3333333333333333,3.6666666666666665,1.1379993267641505e-05,0.9968726124608156
c398bc00a606d33758afd91f4e64fd15,150.0,2,0.0,4.5,1.1379993267641505e-05,0.9968839924540832
49f8d2ea7b718d0ce587d34207caf2b4,149.9,1,0.0,5.0,1.1372406605463079e-05,0.9968953648606886
1e47d8b6546eb3a77b1acddcc9406242,149.9,1,0.0,1.0,1.1372406605463079e-05,0.9969067372672941
f266295f49a28eee21f413e0cbb0521d,149.8,2,0.0,4.5,1.136481994328465e-05,0.9969181020872373
6ba4733aa33f6386e9fb0c0fd3993b38,149.79,3,0.0,4.666666666666667,1.1364061277066807e-05,0.9969294661485144
63272377184e969942f7fff221be858d,149.7,2,0.0,5.0,1.135723328110622e-05,0.9969408233817955
3d700782d7818f2c1e0d7a9e9d75fc00,149.7,3,0.3333333333333333,3.6666666666666665,1.135723328110622e-05,0.9969521806150765
e00d85ce20ea50c1224c66ca5050527d,149.0,1,0.0,4.0,1.1304126645857229e-05,0.9969634847417224
d8b8f2cf9ff6ba0389072541cb42498c,149.0,1,0.0,5.0,1.1304126645857229e-05,0.9969747888683682
f35becee938e982bd615edf8ef12bcfb,148.59,6,0.0,4.0,1.1273021330925675e-05,0.9969860618896992
8fbe2ee446b97e128471be4ce983dc0d,148.5,3,0.3333333333333333,3.0,1.1266193334965091e-05,0.9969973280830341
ca7c6bd577e559472af1c699de9e764e,148.0,6,0.0,4.333333333333333,1.1228260024072952e-05,0.9970085563430582
7d7866a99a8656a42c7ff6352a433410,147.89,5,0.0,4.4,1.121991469567668e-05,0.9970197762577538
2a7c6c0b0d5efde2bf75ec1e1cec2d41,147.6,3,0.0,3.3333333333333335,1.1197913375359241e-05,0.9970309741711292
6ee85be3693ed79a8e80718743d80655,147.5,5,0.4,3.2,1.1190326713180813e-05,0.9970421644978423
9523fb39dd240aa958e040f8183d64f3,146.99,1,0.0,1.0,1.1151634736070833e-05,0.9970533161325784
0b3f27369a4d8df98f7eb91077e438ac,146.51,2,0.0,4.0,1.1115218757614378e-05,0.997064431351336
4bcec44888b30ba9001234c534716d3f,146.0,5,0.0,4.6,1.1076526780504399e-05,0.9970755078781165
398cb257329ef7af7f1943a8974a3cbc,145.9,1,0.0,5.0,1.106894011832597e-05,0.9970865768182349
8e34331b7eedd03be4e5d965c1956225,145.0,5,0.2,4.8,1.1000660158720122e-05,0.9970975774783936
f3041c2e75ec683697a6a5ea82192210,145.0,1,0.0,5.0,1.1000660158720122e-05,0.9971085781385522
553a440137d6e0cf776aee0bb83ac9f5,144.8,2,0.5,1.0,1.0985486834363267e-05,0.9971195636253866
0daf5180aa44356f60f8effa533b55a2,144.8,2,0.5,5.0,1.0985486834363267e-05,0.9971305491122209
4a82c4af97ffc0fb2dc26bfdc03b1842,143.7,3,0.0,5.0,1.0902033550400561e-05,0.9971414511457712
c8143b3069f6746a77421b5ce30a450c,142.47,1,0.0,5.0,1.0808717605605901e-05,0.9971522598633769
2f9b7ce230a057a98a9f5df5893ee36c,141.82,2,0.0,4.5,1.0759404301446122e-05,0.9971630192676783
d3891911c2feae53c52fea2bd14054e5,141.0,2,0.0,5.0,1.0697193671583016e-05,0.9971737164613499
0e72c1a751b496722a6cb1f10653b62a,140.8,3,0.0,4.666666666666667,1.0682020347226161e-05,0.9971843984816972
50a7e551a7b3f8d37cd6e32d8bfbe5ea,140.0,1,0.0,5.0,1.0621327049798739e-05,0.9971950198087469
52a50b42accf164f9f019941e5759d9b,139.96,4,0.25,4.75,1.0618292384927368e-05,0.9972056381011318
d8bf0fc082fd4a77fc2e5679b6c00133,139.9,1,0.0,5.0,1.061374038762031e-05,0.9972162518415194
19d62d484cba71963c93f0f00ab42013,139.9,1,0.0,4.0,1.061374038762031e-05,0.997226865581907
fa8d335d68129e464e60c1826a683e96,139.9,1,0.0,4.0,1.061374038762031e-05,0.9972374793222946
e8ff5a6ceb895583033fc2a0f314e3c2,139.89,1,0.0,5.0,1.0612981721402467e-05,0.997248092304016
1b0b0f4f95e962d6f32fe90c759d0479,139.8,2,0.0,5.0,1.0606153725441884e-05,0.9972586984577414
a154d7316f158bb42e6fa18bbe3afd3a,139.8,2,0.5,3.0,1.0606153725441884e-05,0.9972693046114668
59bbc819b99a733f02f0d6b49d1c253d,139.8,2,0.0,5.0,1.0606153725441884e-05,0.9972799107651922
6a53b90c3ad9e0b56d9fe5c69165fff5,139.78,2,0.0,3.5,1.0604636393006198e-05,0.9972905154015852
657969cca82e884d272385ec0ef06edd,139.70000000000002,3,0.0,4.666666666666667,1.0598567063263456e-05,0.9973011139686485
26e2e5033827d2ba53929f43e03d8ffe,139.49,1,0.0,5.0,1.0582635072688758e-05,0.9973116966037212
4a5b36211b1f51bf7eaa5c10a57fa483,139.19,1,0.0,5.0,1.0559875086153475e-05,0.9973222564788073
f114dca2828bf718548db175ebe2cfcd,139.0,1,0.0,1.0,1.0545460428014462e-05,0.9973328019392353
57a834594e1e9e9219603bfec184eadc,139.0,1,0.0,5.0,1.0545460428014462e-05,0.9973433473996633
5a9b3bcab695173c820e53934574ae80,139.0,1,0.0,5.0,1.0545460428014462e-05,0.9973538928600914
712efd3b68f9686dc856b84abd0f21ae,139.0,1,0.0,4.0,1.0545460428014462e-05,0.9973644383205194
c747d5b92c7648417faea95d36d763e8,139.0,1,0.0,5.0,1.0545460428014462e-05,0.9973749837809474
f049a72cf58fd31b11f8919cade515e7,138.75,3,0.0,3.3333333333333335,1.0526493772568393e-05,0.9973855102747199
96f7c797de9ca20efbe14545bed63eec,138.60000000000002,1,0.0,1.0,1.0515113779300753e-05,0.9973960253884991
717b78b0950b51ed00b1471d858b0edc,138.6,5,0.2,4.0,1.051511377930075e-05,0.9974065405022784
044668ccd5316b12a7cf0d54a156e3e9,137.8,3,0.0,5.0,1.0454420481873331e-05,0.9974169949227603
0b64bcdb0784abc139af04077d49a20e,137.6,4,0.0,4.75,1.0439247157516473e-05,0.9974274341699177
ea846a0e7ad98a741783e886d89dfa44,137.0,2,0.0,5.0,1.0393727184445907e-05,0.9974378278971022
db6a4d4b5f1f5f98820ce6ce2619e2de,135.99,1,0.0,5.0,1.031710189644379e-05,0.9974481449989987
377bc18334c78dd2f1535ef22a3ad225,135.98,1,0.0,5.0,1.0316343230225944e-05,0.9974584613422289
dd39ad39b5d3df33037e141c72497ba6,135.8,2,0.0,5.0,1.0302687238304778e-05,0.9974687640294673
e3e290b38963293022cdcd6db8328103,135.7,3,0.0,3.3333333333333335,1.0295100576126348e-05,0.9974790591300434
59de1d4c8c057c2a53acd4ca66531af2,135.0,1,0.0,5.0,1.0241993940877354e-05,0.9974893011239843
7c4adcc13272c0e26fa23aac642adb7b,135.0,2,0.5,3.0,1.0241993940877354e-05,0.9974995431179251
83c8aafbefb034674a70de0eac5b8954,134.9,2,0.0,5.0,1.0234407278698928e-05,0.9975097775252038
92c8bc6e8f925792247656fed09aad65,134.8,2,0.5,3.0,1.02268206165205e-05,0.9975200043458202
5def4c3732941a971cba8fdee992ede1,134.8,5,0.0,4.6,1.02268206165205e-05,0.9975302311664367
c5e60e39c0f42b8e827daa13cff74afa,134.0,6,0.16666666666666666,4.5,1.0166127319093078e-05,0.9975403972937558
8e4f041ff58e7845456d3482524014b3,133.8,2,0.5,3.0,1.0150953994736223e-05,0.9975505482477505
062c325cd6a2b87845fab56b4ec2eeae,133.22,2,0.0,5.0,1.0106951354101342e-05,0.9975606551991045
c87abc38c8ed3240861729e1aeadf221,133.0,1,0.0,1.0,1.0090260697308801e-05,0.9975707454598018
7adbd3210a7b3cc2235e225eef33574d,131.9,3,0.0,4.666666666666667,1.0006807413346098e-05,0.9975807522672152
fedf2c1386e137f296b3bbf3b635e69d,131.74,2,0.0,3.5,9.994668753860614e-06,0.997590746935969
a218df5c097b0ca409cfaac1488cc7f6,130.69,4,0.0,2.75,9.915008800987123e-06,0.99760066194477
9fe7c6641c79970ab48185498f547c09,130.0,1,0.0,5.0,9.862660831955971e-06,0.997610524605602
dc120d932ddf9d4dfb6fd68beefda622,130.0,1,0.0,1.0,9.862660831955971e-06,0.9976203872664339
2f3d8b4c9e2ee165075331fea3f3095a,130.0,1,0.0,5.0,9.862660831955971e-06,0.9976302499272658
0f80a40c312b2472dca482cf50f5186f,129.9,1,0.0,3.0,9.855074169777545e-06,0.9976401050014355
b6f52e346160519c24a23af05410ad32,129.9,1,0.0,4.0,9.855074169777545e-06,0.9976499600756052
e5def42655b7490edac5a56fe8e9e603,129.9,1,0.0,5.0,9.855074169777545e-06,0.997659815149775
44ed138eca6214d572ce1d813fb0049b,129.79,2,0.0,4.5,9.846728841381272e-06,0.9976696618786164
63b9ae557efed31d1f7687917d248a8d,129.5,4,0.0,4.0,9.824727521063834e-06,0.9976794866061375
45c20d94d9171b0bcfab3c955e47d67b,129.45999999999998,4,0.0,4.5,9.821692856192461e-06,0.9976893082989937
e4fc40017a6d22c46a14ac2e17f87c3e,129.0,1,0.0,5.0,9.786794210171694e-06,0.9976990950932039
ef728fa1f17436c91ed1ccd03dcf9631,128.7,3,0.0,4.333333333333333,9.76403422363641e-06,0.9977088591274275
538caafddff204241cecbf3a02e6b3cf,128.4,8,0.5,2.75,9.741274237101129e-06,0.9977186004016646
5bc237df65098fe211bb4818f4d26d78,126.80000000000001,2,0.0,4.5,9.619887642246287e-06,0.9977282202893069
7c9130f5f3729edd32aa059141d92484,126.0,3,0.0,3.3333333333333335,9.559194344818865e-06,0.9977377794836517
934ed5cd1b9c1c7382d0a94a94b9e639,125.85,1,0.0,5.0,9.547814351551223e-06,0.9977473272980033
788f22bafdd7ab0e1e79f19db72f16a4,125.80000000000001,2,0.0,4.5,9.54402102046201e-06,0.9977568713190238
570d4583587a5fe2d47c7be89b91ad27,125.25,2,0.0,5.0,9.502294378480658e-06,0.9977663736134023
57df9869a600bd6b7c405f2a862eccfb,125.0,5,0.0,4.4,9.483327723034588e-06,0.9977758569411252
c092292535a57dacd95a8765f5518f87,125.0,1,0.0,5.0,9.483327723034588e-06,0.9977853402688482
6cf476a4ca74498db55cbccdaa9dcfb6,124.94999999999999,4,0.5,3.0,9.479534391945373e-06,0.9977948198032401
ff82e8873fba613f2261a9acc896fd84,124.6,4,0.0,3.5,9.452981074320877e-06,0.9978042727843145
693660429f9dc4ff704eb3d88dad54d7,124.0,2,0.0,4.0,9.407461101250311e-06,0.9978136802454157
08061dc0fc165ed41288cc7acde738ee,123.80000000000001,4,0.25,4.5,9.392287776893457e-06,0.9978230725331926
902c99f1ac505c0d18778b61bcd636f7,123.47,3,0.0,5.0,9.367251791704644e-06,0.9978324397849843
8d92f3ea807b89465643c219455e7369,121.2,3,0.6666666666666666,1.0,9.195034560254336e-06,0.9978416348195445
89757206b887aed36f3e18d858460fea,120.5,2,0.0,5.0,9.141927925005342e-06,0.9978507767474695
876182d1918783bbe15233febfbd4926,120.27,3,0.0,4.0,9.124478601994959e-06,0.9978599012260715
bdf0d02d36a1d839d0c39c4a887cdd49,120.0,5,0.0,5.0,9.103994614113205e-06,0.9978690052206856
bba8d0c234a52b87b3957037a215d1a4,120.0,1,0.0,5.0,9.103994614113205e-06,0.9978781092152996
1927cdb9fa74f5270097f6250e8e8f34,120.0,1,0.0,5.0,9.103994614113205e-06,0.9978872132099137
a353b1083c9863d756d9404695016d64,120.0,1,0.0,5.0,9.103994614113205e-06,0.9978963172045278
698f5fa55a5f73d0740e9d9a773e8093,120.0,4,0.0,4.75,9.103994614113205e-06,0.9979054211991418
7994081388d55b9cf976c050653dd359,120.0,1,0.0,5.0,9.103994614113205e-06,0.9979145251937559
003554e2dce176b5555353e4f3555ac8,120.0,1,0.0,5.0,9.103994614113205e-06,0.99792362918837
35281d148dcf7134bae913c57db4e6da,119.99,1,0.0,5.0,9.10323594789536e-06,0.9979327324243179
3903c788ded8dc03b5ebab37a2f3e9a1,119.97999999999999,5,0.2,4.0,9.102477281677519e-06,0.9979418349015996
07a9bc7f61396b658ddf3ac534efe44c,119.9,1,0.0,3.5,9.096407951934777e-06,0.9979509313095515
a150c540f572d0fb53992264bc5c10b5,119.9,1,0.0,4.0,9.096407951934777e-06,0.9979600277175034
e9b6c33b71b67737693b4cfa68341c8d,119.9,1,0.0,4.0,9.096407951934777e-06,0.9979691241254552
7c4402417d51474d4d0cda9557340e40,119.9,1,0.0,5.0,9.096407951934777e-06,0.9979782205334071
674207551483fec113276b67b0d871ff,119.9,1,0.0,5.0,9.096407951934777e-06,0.997987316941359
d1aa1ec0839dcab73a6161130eb1f94a,119.9,1,1.0,4.0,9.096407951934777e-06,0.9979964133493109
be1e9e378700cecaa4ebf71433d7915c,119.89000000000001,2,1.0,3.0,9.095649285716934e-06,0.9980055089985966
bf0045791395e66460eb04749c68672a,119.8,2,0.0,4.0,9.088821289756348e-06,0.9980145978198864
8eb88b0acb3f90a717ad659221471fa7,119.8,2,0.0,4.5,9.088821289756348e-06,0.9980236866411762
910a922b426b7ff95eaee129ad6c0e1f,119.8,2,0.0,5.0,9.088821289756348e-06,0.998032775462466
26e13b6ff5b641b329e5524241ee2c93,119.69999999999999,4,0.0,4.0,9.08123462757792e-06,0.9980418566970937
a9b533a26e898b12e8b8d4c07279bf4d,119.6,4,0.0,5.0,9.073647965399494e-06,0.9980509303450591
22c32ec35d0116ef02c281798a25bf8b,119.58,4,0.0,3.75,9.072130632963808e-06,0.998060002475692
36f98ad67cc981f50ce8aed093d5783c,119.4,2,0.0,4.0,9.05847464104264e-06,0.9980690609503331
fc38b5dceee1a730fad8853453437fbd,119.2,5,0.0,4.6,9.043301316685783e-06,0.9980781042516498
fc908879b9ca1bd65419e54e50432d38,119.19999999999999,4,0.0,5.0,9.043301316685783e-06,0.9980871475529665
e82de6494d91d3c4c54450f59b227a94,118.9,3,0.3333333333333333,5.0,9.0205413301505e-06,0.9980961680942966
fd312b6bf05efac6c3772d5b52205d8a,118.69999999999999,2,0.0,5.0,9.005368005793644e-06,0.9981051734623023
e9c2dc0dd4ac38448289be644ac94f42,118.39,3,0.0,5.0,8.981849353040519e-06,0.9981141553116554
4c60877808f4318ef1107fbeb8f89afa,118.0,2,0.0,4.0,8.952261370544652e-06,0.9981231075730259
aa1eb17b9fdf6dfd546e25c45c7b9235,117.99,3,0.0,4.666666666666667,8.951502704326808e-06,0.9981320590757302
fc5a0d7a310a7a41abf86a458585ff2b,117.9,1,0.0,4.0,8.944674708366223e-06,0.9981410037504386
40ec8ab6cdafbcc4f544da38c67da39a,117.8,2,0.0,5.0,8.937088046187795e-06,0.9981499408384847
b416191c9813d821a295cfabafff4161,117.8,2,0.0,2.5,8.937088046187795e-06,0.9981588779265309
13dd308f81fea30cc670c656b2b46cc3,117.69999999999999,3,0.3333333333333333,5.0,8.929501384009367e-06,0.9981678074279149
9bade61a92bed55a25d2b67b9f4ed739,117.68,2,0.0,3.0,8.927984051573682e-06,0.9981767354119665
bca9230d3bbb4efa51872bf605a2f1ad,117.57,5,0.2,4.0,8.919638723177412e-06,0.9981856550506897
9bf11dfc0bec77e5a23028043c3c5a8f,115.0,1,1.0,1.0,8.72466150519182e-06,0.9981943797121948
93bef6edaa84956e8e575016449b6351,115.0,1,0.0,5.0,8.72466150519182e-06,0.9982031043737
781a66c0d89e30814d49fe8b5e14cd07,115.0,1,1.0,1.0,8.72466150519182e-06,0.9982118290352051
039b29ff3b3473435d0cd59040575de9,114.9,9,0.0,4.444444444444445,8.717074843013394e-06,0.9982205461100482
8c351ed7c326c62123318f4f3246e906,114.9,2,0.0,5.0,8.717074843013394e-06,0.9982292631848912
296729ffb9b684050dd24836dac4494a,114.0,2,0.0,5.0,8.648794883407543e-06,0.9982379119797746
cd52a8efd71af3336b14b5039b951cc1,111.8,2,0.0,3.0,8.481888315482136e-06,0.9982463938680901
4c4d546adf3c3868fe19c9ec6e9ffda9,111.69999999999999,2,0.0,4.0,8.474301653303707e-06,0.9982548681697434
818d28f936e791926d33bcb6ee94ef79,111.6,4,0.0,4.0,8.46671499112528e-06,0.9982633348847345
28d162ab86bb49d719c32f0ee6186eaa,109.99,1,0.0,4.0,8.344569730052595e-06,0.9982716794544646
e732329483fd5f27367dd997b47f598a,109.9,1,0.0,5.0,8.33774173409201e-06,0.9982800171961987
4be9ae93c4fc0f41713d71a4194ee1b3,109.9,1,0.0,5.0,8.33774173409201e-06,0.9982883549379329
2c9005d8043aff18b8557ffb7b13cda4,109.9,1,0.0,5.0,8.33774173409201e-06,0.998296692679667
7bb8fac2913a6064ec412e583c6d8b4d,109.0,1,0.0,5.0,8.26946177448616e-06,0.9983049621414415
db7ed69a53aa9fb1c01930ba54a88bbe,109.0,1,0.0,5.0,8.26946177448616e-06,0.998313231603216
4cc43a222a0f94910728b62b97a8c5f8,108.5,1,0.0,3.0,8.231528463594023e-06,0.9983214631316796
e88165a185134e13fdfc85d4fa654db8,108.0,2,0.5,3.0,8.193595152701884e-06,0.9983296567268323
bb3dca718920a4d7ec3cc9ffb025108b,108.0,2,0.0,3.0,8.193595152701884e-06,0.998337850321985
941554c5757b73ba0e50aa7732310afc,107.69,3,0.0,4.666666666666667,8.170076499948759e-06,0.998346020398485
c26ba52cf8d2f34915f2f6b7ffa0a3f3,107.47,3,0.0,5.0,8.153385843156218e-06,0.9983541737843281
44717f64ec2a457979cf83c429077666,107.0,2,0.0,5.0,8.117728530917607e-06,0.998362291512859
077c5fae4bea9500e3737b16f71b9d3a,106.80000000000001,4,0.0,4.5,8.102555206560752e-06,0.9983703940680656
a69aa24cec11168e7e39a3fbc727e925,105.97,3,0.0,5.0,8.039585910479802e-06,0.998378433653976
271b8923c6a549e02d3c9fd1f8c0422b,105.19,1,1.0,4.0,7.980409945488066e-06,0.9983864140639216
3d2400ac620cffa23ac81bd192f7f555,105.0,1,0.0,5.0,7.965995287349054e-06,0.9983943800592089
3bb32fedaa74e4ad20f4ce067733bd31,103.69999999999999,2,0.0,4.5,7.867368679029493e-06,0.998402247427888
62de60d81c55c29d76a6bce418b31cef,103.0,1,0.0,4.0,7.8142620437805e-06,0.9984100616899317
461ff5303b6c9c1a4a07f40c5aece516,102.69999999999999,3,0.0,3.6666666666666665,7.791502057245216e-06,0.998417853191989
ab91571efab27993ff2f6b36e38055c3,102.24,3,0.3333333333333333,4.666666666666667,7.75660341122445e-06,0.9984256097954002
160851d3ece7aa1a510f8d1a4bb8a8af,102.05,2,0.0,5.0,7.742188753085437e-06,0.9984333519841533
be67f78487e2cecb0d55bc769709e4f5,102.0,1,0.0,5.0,7.738395421996224e-06,0.9984410903795753
96e5dc09087bad639b4ee193104ec2e5,101.9,2,0.0,4.5,7.730808759817796e-06,0.9984488211883351
4fae87d32467e18eb46e4a76a0a0b9ce,100.9,1,0.0,5.0,7.654942138033519e-06,0.9984564761304732
a4fc6eadaff1576af888509a53420f6a,100.86,1,0.0,3.0,7.651907473162148e-06,0.9984641280379464
79b93a308a97792cf53ac75f46da00b5,99.9,1,0.0,5.0,7.579075516249243e-06,0.9984717071134627
80cfd480be3eb6d6267139f5cb793555,99.9,1,0.0,4.0,7.579075516249243e-06,0.998479286188979
2d20f1cd18725c91147da0791d498022,99.8,1,0.0,5.0,7.571488854070814e-06,0.9984868576778331
aa8af66c623d7d544dfe4bb85b5ebe3b,99.0,1,0.0,5.0,7.510795556643393e-06,0.9984943684733897
a7c53f6b3b61adbdaa99dda97e8cbd56,99.0,1,0.0,4.0,7.510795556643393e-06,0.9985018792689463
247587846358bb1d2e4c6522020b36fe,99.0,1,0.0,5.0,7.510795556643393e-06,0.9985093900645029
26562f211dd1364af2a8596dc945e8ae,99.0,2,0.0,5.0,7.510795556643393e-06,0.9985169008600595
1fbe10c70e30765ed1de86d9f7e98409,98.75,2,0.0,2.5,7.4918289011973245e-06,0.9985243926889608
4e42581f08e8cfc7c090f930bac4552a,98.0,1,1.0,1.0,7.434928934859117e-06,0.9985318276178956
00ab3eff1b5192e5f1a63bcecfee11c8,98.0,1,0.0,5.0,7.434928934859117e-06,0.9985392625468305
5f57db27027655e6c6a391601daa0258,98.0,1,0.0,5.0,7.434928934859117e-06,0.9985466974757653
eaaa46e98c9e61f6764dd1d7a2ab8b3e,98.0,1,0.0,5.0,7.434928934859117e-06,0.9985541324047001
1c742ac33582852aaf3bcfbf5893abcf,97.9,1,0.0,5.0,7.427342272680689e-06,0.9985615597469728
74c7dec0a384d8a05950e629bd23bde9,97.78,4,0.0,4.25,7.418238278066576e-06,0.9985689779852509
c7bb64409aa480bb7d0335faaaf3d242,97.6,4,0.0,2.25,7.404582286145406e-06,0.998576382567537
70126eecc6aa1274392a1743866e9678,97.39999999999999,3,0.0,5.0,7.38940896178855e-06,0.9985837719764988
782f78b632a43875dd5b53e3e49c9564,97.34,1,0.0,5.0,7.3848569644814946e-06,0.9985911568334633
270572bb714b00531be85e16e1550f26,96.99,1,0.0,5.0,7.358303646856997e-06,0.9985985151371102
034b9387752bfa309f350a70cd45ffa3,96.0,8,0.0,4.5,7.283195691290563e-06,0.9986057983328015
f43827dd686be3a4a80e00aa299990fb,95.54,1,0.0,2.0,7.248297045269797e-06,0.9986130466298467
74a9b9bddf14ece02beb81f52c41a88d,95.0,2,0.0,3.5,7.207329069506287e-06,0.9986202539589163
623ad9d0c1e14bb5464a8c72bff7b4af,95.0,1,0.0,4.0,7.207329069506287e-06,0.9986274612879859
22a23e5ac7061fc538cc2a019afaaf16,95.0,1,0.0,3.0,7.207329069506287e-06,0.9986346686170554
253c025bab43881055aeecde5e2d8b77,94.82,2,0.5,4.5,7.193673077585117e-06,0.998641862290133
43b2c864251aa0ce4030c746984e088a,94.8,2,0.0,3.0,7.192155745149431e-06,0.9986490544458781
443d880f15cbd3572885e1d44bf2c478,94.8,1,0.0,2.0,7.192155745149431e-06,0.9986562466016233
7a704e63bb29c446869efde5d57524c8,94.49,1,0.0,5.0,7.168637092396305e-06,0.9986634152387157
6235903333ba7de1928c869e268e5964,94.06,1,0.0,5.0,7.1360144450290665e-06,0.9986705512531607
376d67b61dce0c990155286e7ae486a4,94.0,1,0.0,4.0,7.13146244772201e-06,0.9986776827156084
2aafae69bf4c41fbd94053d9413e87ee,94.0,2,0.0,4.5,7.13146244772201e-06,0.9986848141780561
5305693ffae2d3463377b1f6fe67b15a,93.56,1,0.0,5.0,7.098081134136928e-06,0.9986919122591902
6b2612338467c08c9b25f0cc55b1578d,92.9,1,0.0,4.0,7.048009163759306e-06,0.9986989602683539
01266d4c46afa519678d16a8b683d325,90.25,3,0.0,5.0,6.846962616030972e-06,0.9987058072309699
1cbcd2ee0afb3fc09963b87eb65e7e4f,90.0,1,0.0,5.0,6.827995960584904e-06,0.9987126352269305
f8f35af4634605e6693c17cc3ffff5a8,90.0,1,0.0,5.0,6.827995960584904e-06,0.9987194632228912
52b53f7061969fe471d119b6195da864,90.0,1,0.0,5.0,6.827995960584904e-06,0.9987262912188518
d7d517afce974cd491b8d52bb5b5b1fc,89.99,1,0.0,4.0,6.8272372943670605e-06,0.9987331184561462
6d04126aba80df143fd038e711b8fd96,89.99,1,1.0,1.0,6.8272372943670605e-06,0.9987399456934406
8dd386be0767c330276ea6a3f96532d3,89.98,1,0.0,5.0,6.826478628149218e-06,0.9987467721720688
741f8c587cb4248ebc5b779a0e8e0e51,89.95,5,0.2,4.0,6.8242026294956895e-06,0.9987535963746983
a72f15980dc3e9bfd1a49ac9b2f3af65,89.9,1,0.0,4.0,6.820409298406476e-06,0.9987604167839967
889009a0ed0bb52c87819941192931b8,89.9,1,0.0,4.0,6.820409298406476e-06,0.9987672371932952
2bdb95a56a36ebbc6640337ac5eac174,89.9,1,0.0,5.0,6.820409298406476e-06,0.9987740576025936
154bdf805377afea75a3bd158e9eab10,89.9,1,1.0,1.0,6.820409298406476e-06,0.9987808780118921
97e50a621f8e801f4baf69e08687c192,89.9,1,0.0,5.0,6.820409298406476e-06,0.9987876984211905
4aba6a02a788d3ec81c03137144d9a80,89.9,1,0.0,5.0,6.820409298406476e-06,0.998794518830489
b8d890108a7a80e4f5d59eea9f362438,89.69999999999999,2,0.5,3.5,6.805235974049619e-06,0.998801324066463
5741dc2bf5044c34d0698681c5081bed,89.69999999999999,3,0.0,5.0,6.805235974049619e-06,0.9988081293024371
6624bc09786f0e41ae48dfc5eeb1a9e2,89.54,1,0.0,5.0,6.793097314564136e-06,0.9988149223997517
da2782c804606d2a5d8e1760dbb3e7ec,89.0,1,1.0,1.0,6.752129338800626e-06,0.9988216745290904
b3809b8d4394588a47c8470ea331e135,89.0,1,0.0,4.0,6.752129338800626e-06,0.9988284266584292
499185655c29ecfdbfe776ef7cf875b5,89.0,1,0.0,4.0,6.752129338800626e-06,0.998835178787768
65c255b299faf2d12050937cc219c46c,88.2,2,0.0,4.5,6.691436041373205e-06,0.9988418702238093
dd264199fc8b687ad029de7de6d760e6,87.9,1,0.0,5.0,6.668676054837922e-06,0.9988485388998641
466222e777149751370e7e98fb623b0c,87.9,1,0.0,5.0,6.668676054837922e-06,0.998855207575919
9cea4682e16655f7da87f406902e989e,87.75999999999999,4,0.0,4.0,6.658054727788123e-06,0.9988618656306467
2fa13c8bd5705d279f7ed5cc9ec61c68,87.4,2,0.0,5.0,6.630742743945784e-06,0.9988684963733907
4fe2f67634d00c021aa01f96b6f2d68e,86.8,2,0.0,5.0,6.585222770875217e-06,0.9988750815961616
60da8bfa7eebe230b7d66ac4082d79b3,86.6,3,0.3333333333333333,4.333333333333333,6.570049446518362e-06,0.998881651645608
b86a47b3366e3b5424a7b225781f4908,86.5,1,0.0,3.0,6.562462784339935e-06,0.9988882141083923
00d8b143d12632bad99c0ad66ad52825,86.0,1,0.0,5.0,6.524529473447796e-06,0.9988947386378658
a2b911e9ad40dc7d61c142a4683e2d85,85.9,1,0.0,5.0,6.516942811269369e-06,0.9989012555806771
5566627eab3fe93fd6ee08798226101a,85.5,5,0.0,4.4,6.486596162555658e-06,0.9989077421768396
2b5ed0c9139dae8883a200dfcb272ece,85.41,4,0.25,4.25,6.479768166595073e-06,0.9989142219450062
cb5ff1b9715e99589f3e0c7a6afab9e3,85.0,4,0.0,4.0,6.44866285166352e-06,0.9989206706078579
b5dd7151a92ccaaa282cbe9681a05f44,85.0,1,0.0,5.0,6.44866285166352e-06,0.9989271192707097
0dfbed20065e425d2eaefb101f9816c0,84.35,3,0.3333333333333333,2.6666666666666665,6.399349547503739e-06,0.9989335186202571
dedcab67899479e4ea5dcc4eba47f587,84.0,2,0.0,4.5,6.372796229879243e-06,0.998939891416487
324583d68897f5ddbaf38f6248322176,84.0,2,0.5,1.0,6.372796229879243e-06,0.9989462642127168
11d4c477d09821164bca4f70a2eae031,83.04,3,0.0,5.0,6.299964272966338e-06,0.9989525641769897
a56a8043ebf66e42119618fb8cf232c6,83.0,1,0.0,5.0,6.296929608094966e-06,0.9989588611065978
ba8e85df286308fe68a2ce83a8f8b2d6,80.9,1,0.0,5.0,6.137609702347986e-06,0.9989649987163002
52454f90d4c30c016768db02f88c1a74,80.5,3,0.0,3.6666666666666665,6.107263053634275e-06,0.9989711059793538
1a8e2d9c38b84a9702ac7922924b0573,80.0,1,0.0,5.0,6.0693297427421366e-06,0.9989771753090966
a45765f8afb1e594b22bf9e974b46765,79.99,1,0.0,4.0,6.068571076524293e-06,0.9989832438801731
c0f3eea2e14555b6faeea3dd58c1b1c3,79.99,1,0.0,5.0,6.068571076524293e-06,0.9989893124512497
e09887ca8c7bf8a4621ce481820414ef,79.97,2,0.5,3.0,6.067053744088608e-06,0.9989953795049937
9fbd5666d8618fa571c4230fafa09bd6,79.9,1,0.0,5.0,6.061743080563709e-06,0.9990014412480743
0f519b0d2e5eb2227c93dd25038bfc01,79.9,1,0.0,5.0,6.061743080563709e-06,0.9990075029911549
cd233f8bfa30ebfd651f47ee7d054951,79.9,1,0.0,5.0,6.061743080563709e-06,0.9990135647342355
ca5832c6960267b71041f74bb39e8b12,79.9,1,1.0,1.0,6.061743080563709e-06,0.9990196264773161
b5b800c4065bebf4d3442311c9857344,79.9,1,0.0,5.0,6.061743080563709e-06,0.9990256882203967
dcb7367a92f5ffb89f1e2152ed260285,79.9,1,0.0,5.0,6.061743080563709e-06,0.9990317499634773
e5bd51692380fd8cabb19b756b95e714,79.8,2,1.0,3.0,6.05415641838528e-06,0.9990378041198957
a7b7354cc588f7566a848bcbb1ce3d96,79.8,2,0.0,4.0,6.05415641838528e-06,0.9990438582763141
aa17b35ce4de7b565be3249ba838944f,79.8,2,0.0,4.5,6.05415641838528e-06,0.9990499124327326
519a7aa428f18d125a283cf8c014fdd6,79.69999999999999,3,0.0,4.0,6.046569756206852e-06,0.9990559590024888
918f6fbcf3ab724d805867303e593a1b,79.69999999999999,2,0.0,4.0,6.046569756206852e-06,0.999062005572245
c8665a4dd081a2c436b1cd921079d0d9,79.39,1,0.0,5.0,6.023051103453728e-06,0.9990680286233484
babcc0ab201e4c60188427cae51a5b8b,79.0,1,0.0,5.0,5.993463120957859e-06,0.9990740220864693
166e8f1381e09651983c38b1f6f91c11,78.8,2,0.0,5.0,5.978289796601004e-06,0.999080000376266
8132b9bd16876e1b0f8808d43825dd48,77.9,1,0.0,5.0,5.910009836995155e-06,0.999085910386103
739c7d7be81f63812dea0d1b1451c651,77.5,2,0.0,4.0,5.879663188281444e-06,0.9990917900492913
ec2e006556300a79a5a91e4876ab3a56,77.4,2,0.5,1.5,5.872076526103017e-06,0.9990976621258174
5de1c80811ce7007f62f00d971236c09,76.8,2,0.0,5.0,5.82655655303245e-06,0.9991034886823704
3e51f9cbe317bc3a88f2c76583811ee4,76.09,1,0.0,5.0,5.772691251565614e-06,0.999109261373622
497709c2976a8fa308730a2dec5b0726,76.0,1,0.0,5.0,5.765863255605029e-06,0.9991150272368776
d52cbce9845184537284a23c3bc3da0e,75.0,2,0.0,5.0,5.689996633820753e-06,0.9991207172335115
ec21206b7894c503788a684a7bc822a6,75.0,1,0.0,3.0,5.689996633820753e-06,0.9991264072301453
47f55702f598c7c6cc8458b0fbc1c49a,75.0,1,0.0,5.0,5.689996633820753e-06,0.9991320972267792
a1bea9970d8f65b240555f99c2214f7f,75.0,1,0.0,3.0,5.689996633820753e-06,0.9991377872234131
6dd7dce75cd55c1ce255dc38d9f0cd46,75.0,1,0.0,4.0,5.689996633820753e-06,0.9991434772200469
43a5d4a57af536fddc96d08be3afdfcb,75.0,1,0.0,1.0,5.689996633820753e-06,0.9991491672166808
05aebce0b5c8f0d41b29b686f2d05fd3,74.99000000000001,2,0.5,5.0,5.68923796760291e-06,0.9991548564546484
9c3a1c416c765687bc79a04113269929,74.9,1,0.0,1.0,5.682409971642325e-06,0.9991605388646201
6187a137b2af59dfdbad8d9f8c373c14,74.8,2,0.0,3.0,5.674823309463897e-06,0.9991662136879296
a90a5da8b09e44264a177c0374a5ac87,74.69999999999999,3,0.0,4.333333333333333,5.667236647285469e-06,0.9991718809245769
d8d9567d0bfb0bc7eb845a205ba42657,74.6,4,0.5,3.5,5.659649985107042e-06,0.999177540574562
164a5a8794e6d42e14f55e447b12a3bc,73.99,1,0.0,5.0,5.613371345818633e-06,0.9991831539459078
a7d0f8dd44f57ef6de7f7f02e3d82630,73.78999999999999,2,0.0,4.5,5.598198021461777e-06,0.9991887521439293
204b4e07bddef3c9b317f70189135b22,73.4,1,0.0,5.0,5.56861003896591e-06,0.9991943207539683
e5c84227854980f1db19a58958c551d9,72.81,4,0.0,4.75,5.523848732113187e-06,0.9991998446027004
8f0fbe2cd4d472157dc1cdef6edecaa9,71.88,2,0.0,3.0,5.453292773853809e-06,0.9992052978954743
028872bfa080090a9d0abd4f1af168f8,70.5,1,0.0,5.0,5.348596835791508e-06,0.9992106464923101
4003520d80d0bad1d5623f7aa3c63cda,70.0,1,0.0,1.0,5.3106635248993695e-06,0.999215957155835
a89e143d5211473ae18db9577ee34b64,70.0,1,0.0,5.0,5.3106635248993695e-06,0.9992212678193599
e4f121bf6ef8b9a1d4d3e65dd0473fab,70.0,2,0.5,3.0,5.3106635248993695e-06,0.9992265784828849
bbf4a892cac7b82422baa711dffb8997,70.0,1,0.0,5.0,5.3106635248993695e-06,0.9992318891464098
f90f77ef2799a27f80d90c425ca944f7,70.0,1,0.0,5.0,5.3106635248993695e-06,0.9992371998099348
0a198e95d32b1be2da9424c962a6ebfa,69.99,1,0.0,5.0,5.309904858681526e-06,0.9992425097147934
f3511c85f59f8dec53d140501ee8e7a8,69.9,1,0.0,5.0,5.303076862720942e-06,0.9992478127916562
d598f929fc44e1e38678e7f47250ec04,69.9,1,0.0,5.0,5.303076862720942e-06,0.999253115868519
4e92348462c75b6c842b994ce84a0ed4,69.9,1,0.0,5.0,5.303076862720942e-06,0.9992584189453817
d6cd01c59123df02fc226eadbadb5f89,69.9,1,0.0,5.0,5.303076862720942e-06,0.9992637220222444
fe9d9cf8631285d5982c6e2cf27fb114,69.9,1,0.0,4.0,5.303076862720942e-06,0.9992690250991072
b5d034ac251546e25afe9067f05c1539,69.9,1,0.0,5.0,5.303076862720942e-06,0.99927432817597
d9b00a97818674c7f8d8b1ef0e689679,69.9,1,0.0,3.0,5.303076862720942e-06,0.9992796312528327
5587130f9850696ed7fafbc91c2cee44,69.8,2,0.0,5.0,5.295490200542514e-06,0.9992849267430333
17998cf586426bf0f2c3726cb0a4b211,69.8,2,0.0,4.0,5.295490200542514e-06,0.9992902222332338
8cb7c5ddf41f4d506eba76e9a4702a25,69.0,1,0.0,5.0,5.234796903115093e-06,0.9992954570301369
edb65fe661681b1c0de8bd47c8655855,69.0,1,0.0,3.0,5.234796903115093e-06,0.99930069182704
bbd3acfe6de99892e73940d3fdceaf68,69.0,2,0.0,3.0,5.234796903115093e-06,0.999305926623943
723a46b89fd5c3ed78ccdf039e33ac63,66.64,1,0.0,4.0,5.0557516757041996e-06,0.9993109823756188
a5ff20ff766e7f50bd5066f33da14413,66.59,2,0.0,3.0,5.0519583446149855e-06,0.9993160343339634
c6381b1321d7d97717a5bb4ed5b77882,66.0,2,0.0,3.0,5.007197037762262e-06,0.9993210415310012
d58d521f3789def2e7a22715e0badd93,65.98,2,0.0,3.5,5.0056797053265775e-06,0.9993260472107065
c32fc744b9160ac853450488e3cfea93,65.8,2,0.0,3.0,4.992023713405407e-06,0.9993310392344199
76623fde66e6b63b59440fd34160512d,65.4,3,0.0,4.0,4.9616770646916965e-06,0.9993360009114846
d4a5e99e0dd915df64ba55a7fbd583fd,65.15,2,0.0,3.0,4.942710409245628e-06,0.9993409436218939
52831e5990d0771cb4951d6f12928167,65.0,1,0.0,3.0,4.9313304159779855e-06,0.9993458749523099
447d377bdb757058acb569025ee18a93,64.99,1,0.0,5.0,4.930571749760142e-06,0.9993508055240596
933446e9a59dece7ae9175103820ca8f,64.99,1,0.0,5.0,4.930571749760142e-06,0.9993557360958094
c8771b1a10bb99bb34d3c459c5cffb53,64.9,1,0.0,5.0,4.923743753799558e-06,0.9993606598395632
391bbd13b6452244774beff1824006ed,63.9,1,1.0,1.0,4.847877132015282e-06,0.9993655077166953
b452cb0ae35044c4a53179c39f49fb06,63.699999999999996,2,0.0,4.0,4.832703807658425e-06,0.999370340420503
9e94fa26a70ede4d26226e918e8706a2,62.8,1,0.0,5.0,4.764423848052577e-06,0.999375104844351
f0ec78809fe0bc3edb11c9fe5b97b059,62.599999999999994,2,0.0,4.0,4.749250523695721e-06,0.9993798540948747
2cb98e27ce1c18abdb42209b34c382a7,62.49,1,0.0,4.0,4.740905195299452e-06,0.99938459500007
6a3139c7bf09ece22a4713d956acbe5e,61.9,1,0.0,5.0,4.6961438884467275e-06,0.9993892911439585
f7c31656c19db6275a8acadca289f426,61.56,1,0.0,3.0,4.670349237040074e-06,0.9993939614931955
b3e2faf2c1004d674f16a3aa3197f0e1,61.47,3,0.0,5.0,4.663521241079489e-06,0.9993986250144365
1d0646a72178a6fb37ee8082140e06ec,61.0,2,0.0,5.0,4.627863928840879e-06,0.9994032528783654
7963e546f34e098b578f9ad102494601,60.99,1,0.0,5.0,4.627105262623036e-06,0.999407879983628
be7a093e5b4d147b36b72bb1f9e415e5,60.9,1,0.0,5.0,4.620277266662451e-06,0.9994125002608947
83f2b4881141ce3fcd4e985125d3279e,60.7,3,0.3333333333333333,5.0,4.605103942305596e-06,0.999417105364837
9ac75591b69c3402684b6ce0310f22ee,60.5,1,1.0,5.0,4.589930617948741e-06,0.9994216952954549
7c462184585ae80bd6e5774c62ce50f2,60.0,1,1.0,3.0,4.551997307056602e-06,0.999426247292762
85e7c62c1d6ea078c3897424f867a7c8,60.0,2,0.0,4.5,4.551997307056602e-06,0.9994307992900691
24a6daf925d9d591870a66660416de31,60.0,2,0.0,4.5,4.551997307056602e-06,0.9994353512873762
9ef932e837d8b7f392c0bfee9d359dc2,59.9,1,1.0,3.0,4.544410644878174e-06,0.999439895698021
75fdd0a732287f9497b179f6bd445d32,59.9,1,0.0,5.0,4.544410644878174e-06,0.999444440108666
6ebf4eceee4dd9847201c82e77ef8123,59.9,1,0.0,5.0,4.544410644878174e-06,0.9994489845193109
c240c4061717ac1806ae6ee72be3533b,59.9,1,0.0,4.0,4.544410644878174e-06,0.9994535289299558
3e46a38ee171c503c3b4a3f23fe3bf0c,59.9,1,0.0,5.0,4.544410644878174e-06,0.9994580733406007
0ee4fb99ac55ffbbc98795aa01b7f8fa,59.9,1,0.0,5.0,4.544410644878174e-06,0.9994626177512456
8fb67a334bacec338885b4e9e1708073,59.9,1,0.0,5.0,4.544410644878174e-06,0.9994671621618905
528ce32f560edd11add4169f6a5b65be,59.8,2,0.0,5.0,4.536823982699747e-06,0.9994716989858732
3da38366e7bd9baf6369071f782ecdf0,59.47,1,1.0,1.0,4.5117879975109355e-06,0.9994762107738707
63704069d9bd3a75c1cf59babe56004a,59.3,1,1.0,1.0,4.498890671807609e-06,0.9994807096645425
db1f0f7c7e5e87f40b62226f020bb297,59.01,3,0.0,4.666666666666667,4.476889351490168e-06,0.999485186553894
dd5450b022b2d00a2145a66331e1aef6,59.0,1,0.0,5.0,4.476130685272326e-06,0.9994896626845793
2f1e7b90e01d9f086cbcb301c0c3d406,59.0,1,0.0,5.0,4.476130685272326e-06,0.9994941388152646
1d953075c2f0dd990bacf27b83b330f1,59.0,1,0.0,5.0,4.476130685272326e-06,0.9994986149459499
0af2ab31141893d26aca5a404a537dab,59.0,1,0.0,5.0,4.476130685272326e-06,0.9995030910766353
37303482a42fb700d8d127e70a9cd6c8,58.9,1,0.0,5.0,4.468544023093898e-06,0.9995075596206584
d180e07dc1e58c31c3f0cd599dc4d945,58.8,1,0.0,3.0,4.46095736091547e-06,0.9995120205780194
8fff28c4263ddec387f28d237fb42773,58.6,2,0.0,5.0,4.445784036558615e-06,0.9995164663620559
cecd97bc34ed8330bd4cd15713eda670,57.99,1,0.0,1.0,4.399505397270206e-06,0.9995208658674533
cac4e0bc1a3269fa2b6ea5e763f6115b,57.88,2,0.0,5.0,4.3911600688739355e-06,0.9995252570275222
48e5ee06fb2dc74df1c711a9b6dfac2a,57.0,1,0.0,5.0,4.324397441703772e-06,0.9995295814249638
5f0057b677eb963672bf05dfa3f16c34,56.89,2,0.0,5.0,4.316052113307501e-06,0.9995338974770771
ac9b01377919cdbd2a1bbb8d5837c70b,55.9,1,0.0,3.0,4.240944157741068e-06,0.9995381384212348
3e35a8bb43569389d3cebef0ce820f69,55.8,1,0.0,5.0,4.23335749556264e-06,0.9995423717787304
ebe3dabc4955c9b0d695e7bda38bf5c3,55.0,1,1.0,3.0,4.1726641981352185e-06,0.9995465444429286
0b1ca3ef18a63d7eb0c8897fa0849c08,55.0,1,0.0,5.0,4.1726641981352185e-06,0.9995507171071267
d85efbc8eff2b7adf524e2820569adc8,55.0,1,0.0,5.0,4.1726641981352185e-06,0.9995548897713249
c7246702dc991a06d788120dc7544391,54.86,1,0.0,5.0,4.16204287108542e-06,0.999559051814196
26f6b7ab07be3e9e69ce82a6552efc19,54.8,2,0.5,3.0,4.157490873778363e-06,0.9995632093050698
c13fb473e7cb8b83ccd543c094df0608,54.8,2,0.0,3.5,4.157490873778363e-06,0.9995673667959436
d297f1055de2956aedfd3b04113dce3e,54.3,1,0.0,4.0,4.119557562886225e-06,0.9995714863535065
720e6cf846ea7572cbb66b743fb91e6c,54.0,1,0.0,5.0,4.096797576350942e-06,0.9995755831510829
c1552b1dab6e6f760950368ae61fb600,53.8,2,0.0,2.5,4.081624251994086e-06,0.9995796647753349
a2a41aedb70551d4a85aa04dc2fced48,52.79,2,0.0,4.0,4.004998963991967e-06,0.9995836697742989
392f7f2c797e4dc077e4311bde2ab8ce,52.0,2,0.0,5.0,3.945064332782389e-06,0.9995876148386317
84c945f15571830c1a91a33978e94009,51.98,2,0.0,4.5,3.943547000346703e-06,0.9995915583856321
258447aad3f7b01e2643c89f64dc5647,51.9,1,0.0,5.0,3.93747767060396e-06,0.9995954958633027
07e8e8fc5222bb358e6f259da3197074,51.8,2,0.0,4.0,3.929891008425533e-06,0.999599425754311
e9e446d01bd10a97a8ffcfc4a3a20cb2,51.15,3,0.0,4.333333333333333,3.880577704265753e-06,0.9996033063320153
eaf6d55068dea77334e8477d3878d89e,51.0,3,0.0,5.0,3.869197710998112e-06,0.9996071755297263
535bf14f36346c7f59d87cece104d70c,50.0,1,1.0,4.0,3.793331089213835e-06,0.9996109688608156
8cf21434553b02cbd37c0bbd07e041b0,49.99,1,0.0,4.0,3.7925724229959926e-06,0.9996147614332386
217f005bb37ff3aeef5b2ae1788e75ba,49.98,2,0.0,4.5,3.7918137567781495e-06,0.9996185532469953
7b3447b497e55af8c15fc7bd89d7b81a,49.9,1,0.0,5.0,3.785744427035407e-06,0.9996223389914224
58e4b302b54937e55a678c4d15111da4,49.9,1,0.0,5.0,3.785744427035407e-06,0.9996261247358494
fe19dce63ae80346207c6c55713d1023,49.9,1,0.0,5.0,3.785744427035407e-06,0.9996299104802765
9140ef75cc8211c4035935e80e567204,49.9,1,0.0,5.0,3.785744427035407e-06,0.9996336962247035
3ded4e2d5f135cb103e5949d7263d2dd,49.9,1,0.0,5.0,3.785744427035407e-06,0.9996374819691306
2c2c9832d1bb38c5b0034a3b47d313ee,49.9,1,0.0,3.0,3.785744427035407e-06,0.9996412677135577
7315baebc0572ff220d226283dc66728,49.849999999999994,2,0.0,4.0,3.781951095946193e-06,0.9996450496646536
2c00c85d30361cd2ced2969cffbbffa3,49.8,1,0.0,5.0,3.7781577648569794e-06,0.9996488278224185
1b61fb1f0f2185d89e9a126c498e9cc7,49.7,1,0.0,5.0,3.7705711026785525e-06,0.9996525983935212
42d4b7e70819438f5ada61c965e92d7e,49.6,1,0.0,1.0,3.7629844405001244e-06,0.9996563613779617
e0487761face83d64fcada2408959a36,49.25,2,0.0,4.5,3.7364311228756275e-06,0.9996600978090845
1f7dfad2cb384ea4d2d7e1ffbd78c407,49.0,1,0.0,1.0,3.7174644674295583e-06,0.999663815273552
d63f306de130e0391d38a792541723b8,49.0,1,0.0,5.0,3.7174644674295583e-06,0.9996675327380194
c963a25b8671419c6ce9eebe8fd03218,49.0,1,0.0,5.0,3.7174644674295583e-06,0.9996712502024869
2ef086a599b597572aca4433b7ed6b3d,49.0,1,0.0,5.0,3.7174644674295583e-06,0.9996749676669544
ce33c6211beaa8fef4cae8b52db39862,49.0,1,0.0,3.0,3.7174644674295583e-06,0.9996786851314219
29c322e3f09f886f8bacbe91dfbd979e,48.98,1,0.0,5.0,3.715947134993873e-06,0.9996824010785569
417a1e6c7321084d2a0ae0d023cfad93,48.9,1,0.0,5.0,3.7098778052511306e-06,0.9996861109563622
2e2f44824ab87a0cb961f68bf4073e7f,48.0,1,0.0,2.0,3.6415978456452817e-06,0.9996897525542078
a3fa18b3f688ec0fca3eb8bfcbd2d5b3,47.8,1,0.0,5.0,3.626424521288426e-06,0.9996933789787291
513a54369b6a8a6602fcb0e129c6d78d,47.8,2,0.0,4.5,3.626424521288426e-06,0.9996970054032505
9d213f303afae4983637247556438ede,47.7,2,0.0,5.0,3.618837859109999e-06,0.9997006242411096
cad10cc982ab6a391570c211b995c17c,47.4,1,0.0,5.0,3.5960778725747156e-06,0.9997042203189822
baf15155e37ef5492731459bdc05be8a,47.0,1,0.0,5.0,3.565731223861005e-06,0.999707786050206
7494d0dcba8551df6cf37f1b905dc2f7,45.9,1,0.0,3.0,3.4822779398983007e-06,0.9997112683281459
51e0557bc7b86de13e946c60ee91ce39,45.8,1,0.0,5.0,3.474691277719873e-06,0.9997147430194236
8629a7efec1aab257e58cda559f03ba7,45.22,1,1.0,1.0,3.4306886370849923e-06,0.9997181737080607
70ee69419916dc13e3aed619061f996c,45.0,1,0.0,3.0,3.413997980292452e-06,0.999721587706041
2d8cfba3fcd3170555941605edaa196a,45.0,1,0.0,5.0,3.413997980292452e-06,0.9997250017040213
89dda63a3c907c468ec88c310ed91213,44.99,1,0.0,5.0,3.413239314074609e-06,0.9997284149433354
1f2eebc0e970fd3c463e4f5d9652687a,44.99,1,1.0,5.0,3.413239314074609e-06,0.9997318281826495
5a4236931428800e9d9cc04af0987118,44.97,1,0.0,5.0,3.411721981638923e-06,0.9997352399046311
da3fede3469bf49b7293ce3fc45b294d,44.9,1,0.0,5.0,3.4064113181140236e-06,0.9997386463159492
5415337f1863452476d42d9f14a16a61,44.9,1,0.0,3.0,3.4064113181140236e-06,0.9997420527272673
e5545d4d4473876ea78c5bcebca365c3,44.5,1,0.0,5.0,3.376064669400313e-06,0.9997454287919367
42fb44130ac3134cde8e35cf8ec7df25,43.8,2,0.0,5.0,3.3229580341513193e-06,0.9997487517499709
15b3b1b81484422eb41df68ac87f1f50,43.35,1,0.0,1.0,3.288818054348395e-06,0.9997520405680252
4125d9385a25e82d2f72d3a0fd55bc3f,42.9,1,0.0,5.0,3.2546780745454704e-06,0.9997552952460997
05a48cc8859962767935ab9087417fbb,42.9,1,0.0,5.0,3.2546780745454704e-06,0.9997585499241742
7f02656561b680def9986c0795a8a080,42.0,1,0.0,5.0,3.1863981149396215e-06,0.9997617363222892
6561d6bf844e464b4019442692b40e02,41.9,1,0.0,5.0,3.1788114527611938e-06,0.9997649151337419
3a3c180dd702a725bd0ba4117689239e,41.9,1,0.0,4.0,3.1788114527611938e-06,0.9997680939451946
749e7cdabbaf72f16677859e27874ba5,41.9,1,0.0,1.0,3.1788114527611938e-06,0.9997712727566473
16bdc8cefd0e32a6f0824d296c5ad14a,41.76,1,0.0,5.0,3.168190125711395e-06,0.999774440946773
a213f1bd6458f4a158f3746cb2514559,41.52,1,0.0,5.0,3.149982136483169e-06,0.9997775909289095
9b1f656ca3060f8af17a50d8a024b533,41.0,2,0.5,5.0,3.110531493155345e-06,0.9997807014604027
d4828feed4cda2cd9d6b37899a95a71e,39.9,1,0.0,2.0,3.02707820919264e-06,0.9997837285386119
c2bda99904207edd1834f03e0022b007,39.9,1,0.0,4.0,3.02707820919264e-06,0.9997867556168211
edb58a1390adf273840030a3d6253829,39.9,1,0.0,5.0,3.02707820919264e-06,0.9997897826950303
4e2627090e6e5b9fabba883a37897683,39.9,1,0.0,,3.02707820919264e-06,0.9997928097732395
df683dfda87bf71ac3fc63063fba369d,39.9,1,1.0,1.0,3.02707820919264e-06,0.9997958368514487
e595809a6c31ec4314fd06ef198c244d,39.0,1,0.0,5.0,2.9587982495867912e-06,0.9997987956496983
c74f14c1e26cf1bd5bd34b6a1e274426,39.0,1,0.0,5.0,2.9587982495867912e-06,0.9998017544479479
9558aa23f77a9e0a0eca83540999f43b,39.0,1,0.0,5.0,2.9587982495867912e-06,0.9998047132461976
389e45560e33d2d0747f949dcddbc08e,39.0,1,0.0,5.0,2.9587982495867912e-06,0.9998076720444472
0936e1837d0c79253456bbb2ffaaef10,38.9,1,0.0,5.0,2.9512115874083635e-06,0.9998106232560346
2eeb6531ee027a48d401e72bebdd87d3,38.7,3,0.0,4.333333333333333,2.9360382630515084e-06,0.9998135592942977
d7ab82074b5f1dfba46db123df101bff,38.67,2,0.0,4.5,2.9337622643979802e-06,0.9998164930565621
e72b4feb7abe210c52aa667abc25a3a2,38.2,1,0.0,5.0,2.89810495215937e-06,0.9998193911615142
9200e6ce317b67196b6b0bad4d4bd567,36.9,1,0.0,3.0,2.7994783438398102e-06,0.999822190639858
1d139e3a3b14025640d8df1b230aace0,36.49,2,0.0,3.5,2.768373028908257e-06,0.9998249590128869
c161d1327ebc3a156c09582ab2f59f6c,35.99,2,0.0,4.0,2.7304397180161186e-06,0.9998276894526049
630008e0f062605a415d694489f6f82e,35.35,1,0.0,5.0,2.6818850800741816e-06,0.999830371337685
5cf1ec37aea089f45110c70653a166ab,35.0,2,0.0,5.0,2.6553317624496847e-06,0.9998330266694475
3a52d63a8f9daf5a28f3626d7eb9bd28,35.0,1,0.0,1.0,2.6553317624496847e-06,0.99983568200121
c716e0b86ed568878475b60fbb6323ad,35.0,1,0.0,5.0,2.6553317624496847e-06,0.9998383373329724
baeda7047354773262ba2405f97038ba,35.0,1,0.0,5.0,2.6553317624496847e-06,0.9998409926647349
cb162c8eef257253782d245c08d9097c,34.99,1,0.0,5.0,2.654573096231842e-06,0.9998436472378311
bd4ff04377f974574f7f0bf9d6ce7dde,34.99,1,1.0,1.0,2.654573096231842e-06,0.9998463018109274
84deb808079d1be601c209c1e771b1cc,34.93,2,0.0,5.0,2.650021098924785e-06,0.9998489518320263
c0e6839516f5398edc34adf5f1d53d1a,34.92,1,0.0,5.0,2.6492624327069425e-06,0.9998516010944589
5a32c398a06c345440bf2a683b017ad3,34.9,1,0.0,5.0,2.647745100271257e-06,0.9998542488395592
41958cbd3335433c8740300e8cd600d5,32.99,1,0.0,5.0,2.5028398526632888e-06,0.9998567516794119
539ed9e19811677513447759be5eccfc,32.83,2,0.0,3.0,2.490701193177804e-06,0.9998592423806051
7d81e74a4755b552267cd5e081563028,32.5,1,0.0,4.0,2.4656652079889928e-06,0.9998617080458131
eb4a59a06b3948e851a7d7a830bcbc42,32.0,1,0.0,5.0,2.4277318970968545e-06,0.9998641357777102
d7f1cfc638473be93baedbfd02208016,30.0,1,0.0,5.0,2.275998653528301e-06,0.9998664117763637
fdf736c18c589ed030e058312203e1b2,30.0,1,0.0,5.0,2.275998653528301e-06,0.9998686877750173
87b4428a334b8f676fd9a7f3bf544fb5,29.99,1,0.0,5.0,2.275239987310458e-06,0.9998709630150046
32f83ffe11cd40f7adcf4eef171f52d9,29.99,1,0.0,5.0,2.275239987310458e-06,0.9998732382549919
9315e491484b1b0081ca166fc164108d,29.99,1,0.0,3.0,2.275239987310458e-06,0.9998755134949792
28a26ebce31d5918b181ede016fd693b,29.9,1,0.0,5.0,2.2684119913498735e-06,0.9998777819069705
3aa3c89ae3cd482385568be76120f63c,29.9,1,0.0,4.0,2.2684119913498735e-06,0.9998800503189619
139157dd4daa45c25b0807ffff348363,29.9,1,0.0,4.0,2.2684119913498735e-06,0.9998823187309532
a09a13f18ed27932d08438aa6f12756e,29.9,1,0.0,3.0,2.2684119913498735e-06,0.9998845871429446
c97aa4ee7420f937da13b7f9e2228b99,29.9,1,0.0,1.0,2.2684119913498735e-06,0.999886855554936
436bf27f2f18474fc6047702e9f8a866,29.9,1,0.0,5.0,2.2684119913498735e-06,0.9998891239669273
455f46ef09a9e45667e2981df84b5cc2,29.9,1,0.0,4.0,2.2684119913498735e-06,0.9998913923789187
c0e0b73d039eb9a99b6ce4cb7a429cd3,29.88,1,0.0,5.0,2.266894658914188e-06,0.9998936592735775
7b3f6ce5c6c22e9b96e7581ebf0df6e1,29.8,1,0.0,3.0,2.2608253291714457e-06,0.9998959200989067
9996ae921c50e8dff411ac69c0b4bb8b,29.700000000000003,2,0.0,2.0,2.2532386669930184e-06,0.9998981733375737
72c73be2b085b9d57650dd53eb2004c9,29.4,1,0.0,5.0,2.230478680457735e-06,0.9999004038162541
c9d2ba8dde44a275ae06475ed1d2fafc,28.79,1,0.0,5.0,2.1842000411693264e-06,0.9999025880162953
999f6d9a1c7c81f43be44c6b7d076210,28.0,2,0.0,4.5,2.1242654099597475e-06,0.9999047122817052
8b181ee5518df84f18f4e1a43fe07923,27.9,1,0.0,5.0,2.11667874778132e-06,0.999906828960453
b026643914f651e8371425e5b8a1e780,27.9,1,0.0,5.0,2.11667874778132e-06,0.9999089456392009
f1fdf2d13186575751aa25876536d85c,26.3,1,0.0,5.0,1.995292152926477e-06,0.9999109409313538
70c0fda4c313d87115644d39e62eec60,25.99,1,0.0,5.0,1.9717735001733516e-06,0.9999129127048539
6c9875b2f94ba781186f0c1aed8d1687,25.0,2,0.0,5.0,1.8966655446069175e-06,0.9999148093703986
7cb946b1ad19faebe28c3e86c2794ec3,25.0,1,0.0,5.0,1.8966655446069175e-06,0.9999167060359432
3986c0b54f6b748b75e7bd4e092aa3e5,24.99,1,0.0,5.0,1.8959068783890747e-06,0.9999186019428216
38f276ca6e7cc95a6d1bb55ac9e5550f,24.99,1,0.0,5.0,1.8959068783890747e-06,0.9999204978496999
1c83418358f249c9d6affa52d579db0e,24.9,1,0.0,5.0,1.8890788824284897e-06,0.9999223869285824
33fd411ed63a7c2f9005e3f065d9f85d,24.9,1,0.0,4.0,1.8890788824284897e-06,0.9999242760074648
cad9969167c09b48ae6f1d123f7fa68d,24.0,1,0.0,5.0,1.8207989228226408e-06,0.9999260968063877
bd43e172d599bed47a85da877172ca8c,23.92,1,0.0,5.0,1.8147295930798988e-06,0.9999279115359807
544863df86ed3b78a04e0820d41430ee,23.9,1,0.0,5.0,1.813212260644213e-06,0.9999297247482414
bcd2d7510d58e293f20fad6438c1b314,23.9,1,1.0,,1.813212260644213e-06,0.999931537960502
43753b27d77860f1654aa72e251a7878,23.9,1,0.0,5.0,1.813212260644213e-06,0.9999333511727627
2c54051840f19eca309a5423cf22df36,23.7,2,0.0,4.5,1.7980389362873578e-06,0.999935149211699
5e063e85d44b0f5c3e6ec3131103a57e,22.9,1,0.0,5.0,1.7373456388599365e-06,0.9999368865573379
bc8c8d665ec4664d286be0d521722b19,22.5,1,1.0,2.0,1.706998990146226e-06,0.9999385935563281
eb1bf309f4f6af9a97e9ddac3fdbeabe,22.3,1,0.0,5.0,1.6918256657893704e-06,0.9999402853819939
0bb27263628258b8111a0262769fa9db,22.2,1,0.0,5.0,1.6842390036109427e-06,0.9999419696209975
34675b28b826facfde119785bf287dc1,21.99,1,0.0,4.0,1.6683070130362447e-06,0.9999436379280104
98f52e1020fe788c10c0418de4393fec,21.6,1,0.0,4.0,1.6387190305403768e-06,0.999945276647041
b77a27b1864483e721dc831d5ba4afa0,20.9,1,0.0,5.0,1.585612395291383e-06,0.9999468622594363
e64ddbe1cbcf4f2fc3092b7c481f3f9d,20.9,1,0.0,5.0,1.585612395291383e-06,0.9999484478718316
e0b162a693bc7f9eab00f783a31d60ea,20.0,1,0.0,5.0,1.5173324356855341e-06,0.9999499652042673
e76ecc7e9a1a1e3c6df9d2a8261c423d,20.0,1,0.0,5.0,1.5173324356855341e-06,0.999951482536703
455befea1bb853c75ccbca94cff26e5c,19.99,1,0.0,3.0,1.5165737694676912e-06,0.9999529991104724
bb7ad8a45c027be8ab075b8e465f8ca0,19.98,2,0.0,5.0,1.5158151032498485e-06,0.9999545149255756
668bf321538e5072858eaef6087ce027,19.9,1,0.0,5.0,1.5097457735071062e-06,0.9999560246713491
d93b8458c6fe139d85cfa5eadbf55bd2,19.9,1,0.0,5.0,1.5097457735071062e-06,0.9999575344171227
7caa63f175b1cecbfaadd8b5ab9998c7,19.9,1,0.0,1.0,1.5097457735071062e-06,0.9999590441628962
698624c6632eeba1774924dbea24c700,19.9,1,0.0,5.0,1.5097457735071062e-06,0.9999605539086697
0b46f784306be7200ca1700aa55d819f,19.9,1,0.0,5.0,1.5097457735071062e-06,0.9999620636544432
bd65d163ded559eb90a10cd09fec178f,19.8,1,0.0,4.0,1.5021591113286789e-06,0.9999635658135545
9d69ba0a7a626a64dc5db08e529559cf,19.3,1,0.0,5.0,1.4642258004365403e-06,0.9999650300393549
ab75b89cc49c9ab3160d0c91565a442a,18.99,1,0.0,1.0,1.4407071476834144e-06,0.9999664707465026
82921991ff5b557b045605b8bbf08d49,18.9,1,0.0,5.0,1.4338791517228296e-06,0.9999679046256543
6c77cd583b36a13aacccf2b3ee23e233,18.9,1,0.0,5.0,1.4338791517228296e-06,0.9999693385048061
ce4755084bc097113867e6454f8f5e52,18.9,1,0.0,5.0,1.4338791517228296e-06,0.9999707723839578
804287717b9156fb7a787acd9af4fac1,18.8,1,0.0,5.0,1.426292489544402e-06,0.9999721986764474
bee36b4f9a2b9fdcaff6ec05df202ed0,16.9,1,0.0,5.0,1.282145908154276e-06,0.9999734808223555
eae9af4811c294c56795d70e715b7337,15.9,1,0.0,5.0,1.2062792863699997e-06,0.9999746871016418
6bcb2352a2a0c38b845f598298ab9d26,15.9,1,0.0,5.0,1.2062792863699997e-06,0.9999758933809282
f3862c2188522d89860c38a3ea8b550d,15.5,1,0.0,5.0,1.175932637656289e-06,0.9999770693135659
c3e2398fcc7e581cda2e546557bf6968,14.9,1,0.0,5.0,1.1304126645857229e-06,0.9999781997262305
20f0aeea30bc3b8c4420be8ced4226c0,14.9,1,1.0,,1.1304126645857229e-06,0.9999793301388951
b2f4d63c7203f539a78252565ca32257,14.9,1,0.0,5.0,1.1304126645857229e-06,0.9999804605515596
a61cc04793308395a840807104365121,14.63,1,0.0,5.0,1.1099286767039682e-06,0.9999815704802364
20d53aad4fe5ee93a64f8839609d3586,14.5,1,1.0,1.0,1.100066015872012e-06,0.9999826705462522
5b92bfa4120daa27c574daa2e386c693,14.0,1,0.0,3.0,1.0621327049798738e-06,0.9999837326789572
fb503a924a0b9db19d83dd0ac6dbef8c,13.9,1,0.0,5.0,1.0545460428014462e-06,0.9999847872250001
6614814a00d344b846ae209f95ee7e3f,13.0,1,0.0,1.0,9.862660831955971e-07,0.9999857734910833
b5f0712d22a873b6797ab6cc65c3fcba,12.99,1,0.0,4.0,9.855074169777544e-07,0.9999867589985003
9e25199f6ef7e7c347120ff175652c3b,12.5,1,0.0,4.0,9.483327723034587e-07,0.9999877073312726
c1d1ebb4745cc43cb6f05e9c8a705c9a,12.5,1,1.0,1.0,9.483327723034587e-07,0.9999886556640449
7ab0dd5487bab2dc835337b244f689fb,12.5,1,0.0,5.0,9.483327723034587e-07,0.9999896039968172
c1dde11f12d05c478f5de2d7319ad3b2,12.5,1,0.0,1.0,9.483327723034587e-07,0.9999905523295896
3d62f86afa7c73be2628a3be1423f5a0,12.0,2,0.0,4.0,9.103994614113204e-07,0.9999914627290509
cc1f04647be106ba74e62b21f358af25,11.9,1,0.0,1.0,9.028127992328928e-07,0.9999923655418501
3ac588cd562971392504a9e17130c40b,11.9,1,0.0,5.0,9.028127992328928e-07,0.9999932683546493
f9f68daa2af419d38f745478bcb3da1a,11.2,1,0.0,5.0,8.49706163983899e-07,0.9999941180608133
344223b2a90784f64136a8a5da012e7f,10.9,1,1.0,2.0,8.26946177448616e-07,0.9999949450069907
95cca791657aabeff15a07eb152d7841,9.99,1,0.0,5.0,7.579075516249242e-07,0.9999957029145423
c18309219e789960add0b2255ca4b091,9.9,1,0.0,5.0,7.510795556643394e-07,0.999996453994098
0f94588695d71662beec8d883ffacf09,9.0,1,0.0,5.0,6.827995960584903e-07,0.9999971367936941
4965a7002cca77301c82d3f91b82e1a9,8.49,1,0.0,5.0,6.441076189485092e-07,0.999997780901313
ad14615bdd492b01b0d97922e87cb87f,8.25,1,0.0,5.0,6.258996297202828e-07,0.9999984068009427
702835e4b785b67a084280efca355756,7.6,1,0.0,5.0,5.765863255605029e-07,0.9999989833872682
1fa2d3def6adfa70e58c276bb64fe5bb,6.9,1,0.0,1.0,5.234796903115092e-07,0.9999995068669585
77128dec4bec4878c37ab7d6169d6f26,6.5,1,0.0,5.0,4.931330415977986e-07,1.0
